GEOID,Median_Income,Median_Income_4per_hh,Total_Population,percent_car_owners,percent_poverty
36005000200,70867,110539,4453,0.7644,0.2277
36005000400,98090,139479,6000,0.7449,0.04
36005001600,40033,97560,6038,0.4449,0.1632
36005001901,55924,77647,2168,0.3051,0.2754
36005001902,60804,32212,1399,0.3564,0.2181
36005002001,20870,16059,4694,0.2626,0.4659
36005002300,22177,39861,4465,0.1444,0.4214
36005002500,25954,40228,5662,0.1334,0.4532
36005002701,18686,16445,2938,0.1886,0.5739
36005002702,14681,30703,4413,0.2592,0.5612
36005002800,54321,84197,5372,0.685,0.0287
36005003100,34276,31859,2165,0.2654,0.1718
36005003300,20129,38535,3339,0.3484,0.5281
36005003500,30793,27928,3880,0.4146,0.3856
36005003700,37321,57847,277,0.1203,0.3053
36005003800,83295,116146,1313,0.7638,0.1346
36005003900,20049,31075,6710,0.2761,0.3981
36005004001,64087,99334,1574,0.7324,0.1925
36005004100,20551,63182,5798,0.3132,0.4852
36005004200,57250,89758,7803,0.535,0.2366
36005004300,25534,68534,5527,0.2446,0.3553
36005004400,15750,15451,4551,0.31,0.5072
36005004600,29145,45174,1826,0.3663,0.5043
36005004800,33500,87969,4464,0.3098,0.2607
36005005001,28353,47727,4304,0.3389,0.5078
36005005002,34013,62969,6393,0.2271,0.3928
36005005100,19731,16250,6087,0.1391,0.5366
36005005200,21397,33165,1833,0.2097,0.4163
36005005300,20449,28114,5472,0.1887,0.5549
36005005400,45625,24427,5638,0.3209,0.27
36005005600,40341,58516,2168,0.3952,0.3196
36005005902,44917,72989,2730,0.314,0.1612
36005006000,34239,49526,1295,0.4211,0.332
36005006100,60685,88558,3955,0.3817,0.1166
36005006200,24769,38391,6710,0.2435,0.3727
36005006301,50273,26964,5521,0.2863,0.2907
36005006400,35144,54473,4061,0.4259,0.3493
36005006500,21962,34041,5681,0.1625,0.4806
36005006700,15957,34961,6993,0.1836,0.538
36005006800,38125,59093,2765,0.322,0.3157
36005006900,32887,42833,7255,0.281,0.3482
36005007000,53014,76176,4235,0.4928,0.2131
36005007100,43079,100729,2827,0.4198,0.2008
36005007200,54097,77283,6430,0.5269,0.1509
36005007300,25619,30282,4301,0.2198,0.4097
36005007400,37352,57895,3078,0.5704,0.2934
36005007500,30413,47140,6295,0.2669,0.363
36005007600,51625,107422,5293,0.4412,0.1856
36005007700,48333,37222,2165,0.5351,0.2416
36005007800,54615,103523,6301,0.5686,0.1726
36005007900,22534,34600,7157,0.14,0.4458
36005008300,42386,36290,6121,0.3176,0.2137
36005008400,66373,89861,3290,0.6044,0.0642
36005008500,33065,106181,5706,0.2778,0.297
36005008600,25608,38269,4134,0.2662,0.4184
36005008700,30357,33750,6328,0.3469,0.4029
36005008900,29599,78929,3197,0.2404,0.1898
36005009000,30953,31744,3693,0.4461,0.3287
36005009200,54924,48292,6122,0.5937,0.2272
36005009301,39606,23090,4928,0.2566,0.3569
36005009600,49638,92917,2762,0.5064,0.1618
36005009800,73622,122526,4818,0.7704,0.1504
36005011502,23791,26382,4210,0.2709,0.4241
36005011701,37781,11723,1608,0.2525,0.3999
36005011800,101875,142635,6041,0.8752,0.0889
36005011900,32007,59393,6193,0.2111,0.3119
36005012101,48152,69479,3267,0.3793,0.2816
36005012102,27281,67632,1463,0.3328,0.2479
36005012300,39258,79821,4582,0.4354,0.1524
36005012500,45966,62019,4014,0.5,0.3205
36005012701,34960,34450,2207,0.4101,0.2856
36005012901,34329,53486,4961,0.2353,0.3596
36005013000,55333,85766,1297,0.7105,0.2475
36005013100,25227,39101,5252,0.2889,0.3713
36005013200,122179,177532,7288,0.8381,0.0668
36005013300,32326,68417,6236,0.3208,0.2386
36005013500,17385,26946,3492,0.2662,0.4668
36005013800,81164,74395,3077,0.7888,0.1176
36005014100,33064,36250,6384,0.2343,0.3278
36005014300,16196,25103,1579,0.1956,0.4174
36005014400,18906,29304,5781,0.3229,0.3257
36005014500,32074,36458,7002,0.1667,0.4486
36005014701,24279,33063,5864,0.0918,0.4606
36005014702,18033,27951,5157,0.2312,0.4892
36005014900,24375,39233,4708,0.242,0.4558
36005015100,27135,42059,5311,0.3211,0.3422
36005015200,78425,107500,2565,0.8258,0.1343
36005015300,32060,48224,4226,0.2832,0.2862
36005015500,35559,44605,3089,0.3315,0.2515
36005015700,37600,42254,5155,0.3085,0.3387
36005015800,59375,76576,1423,0.7038,0.2496
36005015900,28611,35417,2164,0.5711,0.3386
36005016000,86517,134101,3891,0.8727,0.1241
36005016100,19599,37981,4787,0.2106,0.3996
36005016200,85909,133750,1712,0.8706,0.0709
36005016400,66681,160750,1074,0.7544,0.2439
36005016500,35156,54491,1074,0.2915,0.1853
36005016600,95372,124886,2397,0.8789,0.1313
36005016700,46481,46691,3822,0.4809,0.3666
36005016900,45273,24500,1729,0.3899,0.3874
36005017300,29063,41031,6373,0.1254,0.4103
36005017500,25767,39938,6768,0.1374,0.3968
36005017701,33428,70893,4554,0.409,0.5014
36005017702,42262,45944,5412,0.4344,0.284
36005017901,42774,61604,4751,0.176,0.2825
36005017902,36614,75767,4138,0.2261,0.3188
36005018101,48464,48333,3502,0.3487,0.3065
36005018102,30063,46227,5695,0.1704,0.3615
36005018301,43350,69271,4657,0.3393,0.1535
36005018302,57180,92838,3546,0.2821,0.0871
36005018400,105052,112159,4057,0.814,0.0897
36005018501,47826,74130,3069,0.1708,0.2134
36005018502,23508,50450,6503,0.159,0.453
36005018900,36087,30341,8311,0.28,0.3859
36005019300,35291,43255,7126,0.1644,0.3072
36005019400,63452,46417,2162,0.7055,0.1735
36005019500,44323,54028,7766,0.1494,0.3027
36005019700,31008,53701,7479,0.175,0.4621
36005019900,37080,100346,7899,0.2561,0.3412
36005020000,41250,49167,5147,0.4367,0.2413
36005020100,38235,39743,3772,0.229,0.3474
36005020200,48204,61500,2372,0.4376,0.1984
36005020400,57159,53967,3431,0.6079,0.202
36005020501,19147,26708,7267,0.1874,0.5514
36005020502,37946,58816,2515,0.2986,0.2186
36005020601,53750,83312,2425,0.4821,0.2791
36005020900,39489,44851,4997,0.1582,0.2481
36005021001,56258,87199,8111,0.3556,0.2252
36005021002,61940,83289,8192,0.3688,0.1969
36005021100,35855,38750,6036,0.2445,0.3051
36005021200,61146,74238,5157,0.2801,0.2004
36005021301,34773,53898,1397,0.3252,0.2198
36005021302,19660,41012,5865,0.1248,0.4839
36005021501,36607,61375,4445,0.3134,0.3309
36005021502,26176,59985,6772,0.43,0.3438
36005021601,39283,50697,4625,0.3893,0.1963
36005021602,54410,84335,6195,0.2863,0.1995
36005021700,40794,66974,5220,0.2075,0.2446
36005021800,50849,40714,6154,0.4287,0.2977
36005021900,40587,59688,963,0.3045,0.2222
36005022000,29625,57031,1917,0.3425,0.4554
36005022101,37200,47183,4030,0.327,0.4019
36005022102,40500,49000,5995,0.1769,0.2814
36005022200,46806,51477,3169,0.3112,0.2455
36005022300,30694,31857,5553,0.1251,0.3031
36005022401,50262,104545,2517,0.5552,0.153
36005022403,80140,135000,3061,0.5165,0.0944
36005022404,62656,64148,4736,0.4461,0.1294
36005022500,47254,47122,8818,0.3312,0.222
36005022701,32773,43214,4831,0.1868,0.3303
36005022702,24201,37511,1451,0.1464,0.53
36005022703,70882,70469,1991,0.2594,0.3255
36005022800,66352,91806,6207,0.5795,0.1556
36005022901,41317,64041,5530,0.2515,0.2788
36005022902,46576,72192,3710,0.3684,0.3508
36005023000,51490,85952,2963,0.4716,0.2683
36005023100,47321,73347,1696,0.3449,0.3333
36005023200,53266,82566,2517,0.5493,0.2288
36005023301,37887,58724,4177,0.248,0.2275
36005023302,47857,74178,3982,0.2402,0.3204
36005023501,31786,22614,3325,0.339,0.4559
36005023502,44757,60179,4628,0.2344,0.1683
36005023600,42121,65287,1602,0.4767,0.1212
36005023702,48646,100104,1333,0.32,0.3308
36005023703,19179,28616,5493,0.1065,0.4802
36005023704,31420,42978,3821,0.1906,0.4098
36005023800,64760,61667,2480,0.7036,0.164
36005023900,43102,66808,8489,0.246,0.3201
36005024000,71513,120547,4618,0.6024,0.1927
36005024100,42482,61932,6921,0.2708,0.2441
36005024300,31435,42614,5575,0.2659,0.3064
36005024400,54359,54037,2512,0.7708,0.126
36005024501,35303,54719,4475,0.3354,0.3296
36005024502,42396,87315,3848,0.2737,0.2283
36005024600,77188,119641,2065,0.7249,0.1499
36005024700,52016,79152,1967,0.4085,0.1479
36005024800,77731,104919,3370,0.5556,0.0619
36005025000,82941,128558,2601,0.6412,0.1038
36005025100,46728,72428,6462,0.3063,0.2699
36005025200,71042,72500,2561,0.7323,0.1346
36005025300,40479,82989,6313,0.2967,0.2603
36005025400,75368,176510,2183,0.6456,0.109
36005025500,42218,65437,7728,0.2629,0.2988
36005025600,50980,141417,1464,0.6742,0.0821
36005025700,39784,91375,1793,0.3168,0.2002
36005026100,54648,84813,2114,0.4015,0.1346
36005026300,32379,103345,7124,0.2498,0.1916
36005026400,61014,85302,6643,0.8142,0.1269
36005026500,53177,75559,7505,0.3889,0.1851
36005026601,52619,87702,3305,0.5886,0.1189
36005026602,41528,92065,5033,0.3955,0.1868
36005026701,46123,95877,3639,0.1535,0.2132
36005026702,46098,26860,8183,0.3987,0.3294
36005026900,27670,72321,4072,0.2928,0.2407
36005027300,48459,75111,7798,0.3429,0.346
36005027401,82273,115750,5148,0.9016,0.0371
36005027402,94333,152829,3611,0.893,0.0712
36005027700,31500,48825,4338,0.2322,0.2799
36005027900,55406,120708,8486,0.5346,0.1602
36005028100,56667,160568,3757,0.4352,0.0782
36005028300,22971,52237,2841,0.4972,0.4801
36005028500,65625,77965,3763,0.6275,0.1306
36005028600,84286,130643,960,0.8104,0.1542
36005028700,70319,58177,3565,0.4996,0.0909
36005028800,80682,80278,3144,0.8494,0.1549
36005028900,49284,74438,4530,0.3677,0.3136
36005029301,133750,246875,1794,0.8412,0.0297
36005029302,116413,250001,6043,0.7904,0.0828
36005029500,94543,146541,4484,0.6389,0.1327
36005029600,51932,139063,1947,0.519,0.0866
36005029700,104318,193824,4122,0.6978,0.0367
36005030000,72568,103000,6612,0.6944,0.1069
36005030100,82554,135750,1578,0.7007,0.0809
36005030201,60773,146541,3912,0.469,0.0846
36005030202,67500,100625,5261,0.5383,0.0474
36005030701,128919,207311,5718,0.7579,0.0226
36005030900,108470,155344,4480,0.7098,0.0532
36005031000,111106,128926,4507,0.9611,0.0688
36005031200,102188,185852,1874,0.8073,0.0371
36005031400,95486,129362,2272,0.7682,0.0187
36005031600,90294,179167,1965,0.7493,0.1247
36005031800,118250,136949,2149,0.9613,0.0794
36005032300,88026,108429,4789,0.6081,0.0451
36005032400,23741,38975,3326,0.4221,0.4434
36005032600,95071,122083,3643,0.7529,0.1167
36005032800,44680,77750,4140,0.3628,0.2027
36005033000,39018,60477,5575,0.3955,0.2363
36005033201,37255,48144,5334,0.3072,0.3051
36005033202,44812,120568,3775,0.4214,0.1734
36005033500,99659,127083,2158,0.7345,0.1502
36005033601,30533,47326,4925,0.2581,0.3757
36005033602,41950,65022,1356,0.6856,0.1932
36005033700,114151,186607,2644,0.7869,0.0307
36005033801,63978,99165,2256,0.6535,0.1454
36005033802,39487,105066,1713,0.2904,0.1848
36005034000,57782,75903,5775,0.5264,0.1182
36005034200,64113,134276,1665,0.6591,0.1442
36005034300,83991,101290,1899,0.8289,0.0269
36005034400,79779,156490,2165,0.6992,0.2304
36005034500,109167,104010,3645,0.6825,0.126
36005034800,42537,103337,6196,0.519,0.2726
36005035000,64172,157989,2207,0.7776,0.0578
36005035100,96131,250001,3744,0.7014,0.063
36005035600,78803,104875,2206,0.8054,0.1351
36005035800,80727,120938,8758,0.678,0.0971
36005035900,26442,22946,2445,0.3189,0.4302
36005036000,83438,110000,3337,0.7047,0.0413
36005036100,20435,23867,5756,0.147,0.5325
36005036300,27374,42429,7220,0.2075,0.405
36005036400,55208,108077,2641,0.5664,0.0716
36005036501,36535,36746,4234,0.3603,0.2924
36005036502,28566,44277,2502,0.3837,0.3913
36005036800,42460,65813,2365,0.5772,0.3736
36005036901,23854,36973,2151,0.306,0.4816
36005036902,15625,24218,2212,0.2288,0.5583
36005037000,76065,130469,2479,0.7213,0.1
36005037100,24683,41449,4176,0.2846,0.2297
36005037200,51705,115625,2142,0.518,0.1467
36005037300,47650,73857,6697,0.3475,0.3612
36005037400,35232,54609,3968,0.2706,0.3372
36005037504,25417,39396,3641,0.2767,0.3724
36005037600,55000,105139,2071,0.5922,0.2341
36005037800,46136,44688,3147,0.4743,0.2404
36005037900,32269,50016,6137,0.2326,0.3832
36005038000,39856,73500,5035,0.3638,0.3655
36005038100,38937,61132,7707,0.3222,0.3262
36005038200,54844,85008,3001,0.5857,0.217
36005038301,48964,66000,5384,0.3094,0.1922
36005038303,20436,52216,3775,0.1375,0.3401
36005038304,16208,25122,2218,0.1248,0.5307
36005038500,21875,42700,5025,0.2234,0.5512
36005038600,58382,32500,9240,0.5014,0.0894
36005038700,39080,37125,3582,0.2138,0.3594
36005038800,64094,93261,2881,0.6315,0.2333
36005038900,37260,39779,5333,0.3158,0.4034
36005039000,52386,122857,3108,0.5669,0.0763
36005039100,29154,60075,7082,0.281,0.3383
36005039200,54451,94423,1717,0.5334,0.1322
36005039300,22569,35491,8690,0.1955,0.3379
36005039400,50667,78533,5254,0.5615,0.2243
36005039500,25211,80833,4286,0.2331,0.3946
36005039600,38923,52035,4522,0.4062,0.1462
36005039700,28125,2499,3689,0.1271,0.31
36005039800,55433,145689,4209,0.7518,0.1864
36005039901,36338,57308,5312,0.2108,0.3543
36005039902,46174,85625,5570,0.2378,0.2824
36005040100,25873,36420,5086,0.2074,0.3698
36005040302,37318,48415,5331,0.2971,0.3815
36005040303,34773,37593,4216,0.2673,0.2668
36005040304,31765,49235,3641,0.181,0.3092
36005040400,92431,97176,3264,0.7414,0.0941
36005040501,45930,64569,3959,0.2221,0.2711
36005040502,38816,51367,7399,0.2488,0.266
36005040600,45982,109122,3997,0.5808,0.1566
36005040701,45363,43389,3136,0.2135,0.2251
36005040702,33750,60428,7137,0.3077,0.1997
36005040800,34341,63269,4994,0.3771,0.1698
36005040900,60278,93430,3272,0.4193,0.0966
36005041100,38452,59600,3677,0.261,0.2035
36005041300,60646,80179,9110,0.4284,0.2404
36005041400,61250,123259,5352,0.6255,0.0809
36005041500,44707,44068,6089,0.28,0.2355
36005041800,67986,69448,3750,0.5745,0.0995
36005041900,44444,68888,6229,0.4018,0.2514
36005042000,31558,53839,4512,0.3812,0.3494
36005042100,48943,54418,5845,0.2858,0.2512
36005042200,64181,70221,2873,0.6199,0.071
36005042300,48897,61042,4395,0.3338,0.2705
36005042400,77896,106750,2512,0.6629,0.1083
36005042500,32421,89635,6614,0.3209,0.2773
36005042600,82402,71963,7223,0.8105,0.0844
36005042800,89762,95263,2099,0.8148,0.1086
36005042901,38833,60191,3257,0.3947,0.3966
36005042902,42331,65613,4165,0.251,0.1829
36005043000,59500,92225,3565,0.6337,0.1708
36005043101,39681,55346,5844,0.3796,0.3356
36005043102,32759,66420,5008,0.2982,0.413
36005043400,101875,142715,3880,0.6753,0.1392
36005043501,27391,52083,1059,0.269,0.4684
36005043600,73550,91641,2214,0.6196,0.1956
36005044200,42009,190635,4122,0.443,0.3576
36005044400,96094,140509,4725,0.6235,0.1345
36005044800,101667,118958,2231,0.7634,0.1425
36005044901,90000,250001,1995,0.7191,0.0481
36005044902,98542,215570,2160,0.7684,0.096
36005045101,54986,85228,1490,0.5124,0.0243
36005045102,85461,184118,2159,0.6903,0.0408
36005045600,104190,107344,3637,0.7789,0.0299
36005045800,28850,44717,5381,0.1695,0.387
36005046000,38937,60352,3108,0.3678,0.2667
36005046203,43106,66814,7733,0.6089,0.111
36005046204,72088,102628,6891,0.7226,0.0855
36005046205,49219,76289,3053,0.4511,0.1163
36005046206,37343,57881,4084,0.4928,0.0524
36005046207,56157,87043,6351,0.5276,0.1516
36005046208,78339,77726,5879,0.8589,0.1497
36005046209,42121,19000,5039,0.4536,0.3534
36005048401,87870,147909,4213,0.7301,0.0484
36005051601,118972,191548,4417,0.8963,0.0616
36047000100,134738,250001,4722,0.454,0.052
36047000200,58882,56932,1160,0.4365,0.2922
36047000301,179936,250001,3892,0.3721,0.0366
36047000501,141354,250001,4604,0.2958,0.0461
36047000502,155600,250001,2826,0.2758,0.0328
36047000700,186422,250001,4044,0.4169,0.058
36047000900,198590,250001,4687,0.254,0.0117
36047001100,154167,58906,1508,0.1866,0.0849
36047001300,125673,248750,2028,0.3756,0.1248
36047001501,86172,66314,5117,0.1882,0.1534
36047001502,122159,250001,5074,0.1719,0.1896
36047002000,65313,83056,1845,0.3713,0.1301
36047002100,250001,250001,5540,0.5358,0.0428
36047002200,38309,59378,4083,0.3058,0.2572
36047002300,21342,21578,4418,0.1793,0.5165
36047002901,24600,43125,4370,0.1569,0.446
36047003000,99511,173500,1736,0.7282,0.0818
36047003101,151300,250001,3608,0.4078,0.0718
36047003300,126101,195456,4630,0.1746,0.1319
36047003400,88897,119583,3582,0.6525,0.0461
36047003500,132528,250001,2297,0.2755,0.0937
36047003600,77536,125208,3699,0.538,0.1486
36047003700,144732,250001,3220,0.1905,0.0902
36047003800,132865,228125,1512,0.7673,0.0562
36047003900,126429,227031,2349,0.2574,0.1252
36047004100,195750,250001,3535,0.2828,0.1014
36047004300,136226,250001,3919,0.3064,0.1073
36047004400,128024,229792,2335,0.7922,0.0527
36047004500,152157,238073,3614,0.446,0.0379
36047004600,122813,250001,1386,0.7616,0.0685
36047004700,122969,250001,1912,0.4897,0.0764
36047004900,157431,245000,2833,0.5226,0.0748
36047005000,125958,137895,2405,0.795,0.0353
36047005100,155991,171413,2967,0.6203,0.0402
36047005201,59400,92070,1659,0.4487,0.1881
36047005202,103750,106336,2734,0.6878,0.0651
36047005301,125357,170625,2334,0.7146,0.1117
36047005302,119205,184767,91,0.2727,0.0549
36047005400,74874,116054,3388,0.4952,0.0707
36047005601,67443,218981,2585,0.4849,0.1439
36047005602,77348,119889,1867,0.5883,0.0343
36047005800,67656,171813,3066,0.4284,0.0913
36047005900,86167,133558,1234,0.6042,0.0602
36047006000,85352,77917,3516,0.4585,0.0509
36047006200,68722,250001,2536,0.4902,0.1726
36047006300,156397,250001,2284,0.5223,0.0845
36047006400,93938,157607,3264,0.4868,0.1307
36047006500,173087,250001,6308,0.4752,0.042
36047006600,75609,91759,3898,0.4939,0.1707
36047006700,193750,226094,4102,0.5501,0.0506
36047006800,65964,122647,4684,0.3741,0.2016
36047006901,128411,160694,1838,0.4199,0.0981
36047006902,210000,325500,2157,0.3419,0.0459
36047007000,78565,99159,2632,0.5403,0.0469
36047007100,42526,65915,4669,0.3337,0.2493
36047007200,46094,71445,1844,0.2952,0.2946
36047007400,65750,89583,5508,0.4309,0.1843
36047007500,139911,250001,4811,0.4429,0.0713
36047007600,59583,92353,5327,0.3738,0.2236
36047007700,175469,250001,6211,0.4736,0.0296
36047007800,56435,44375,5053,0.3319,0.1669
36047008000,66768,103490,3571,0.3639,0.1182
36047008200,42679,66152,3780,0.325,0.1802
36047008400,71546,182973,3742,0.3289,0.1494
36047008500,16206,120541,7412,0.1365,0.5309
36047008800,70241,70559,2531,0.248,0.1284
36047009001,63631,90598,1388,0.3054,0.1888
36047009002,53712,127120,1392,0.4184,0.0934
36047009201,70750,38200,2182,0.4885,0.2464
36047009202,48571,33690,3653,0.2568,0.2918
36047009401,40978,63515,2460,0.3356,0.4021
36047009402,63344,98183,2970,0.4034,0.1529
36047009600,63457,33641,5822,0.3307,0.1968
36047009800,55284,64375,6364,0.2664,0.2402
36047010000,53500,82925,5434,0.3308,0.2142
36047010100,92015,84000,4393,0.5458,0.1544
36047010200,59188,52292,5025,0.3151,0.1587
36047010401,57243,46845,2411,0.2838,0.2015
36047010402,30881,27661,2207,0.1794,0.4587
36047010601,39306,26759,2773,0.268,0.348
36047010602,58786,32353,2185,0.4867,0.2215
36047010801,58750,91062,1895,0.552,0.2385
36047010802,49750,58333,2413,0.3607,0.3212
36047011000,60083,100625,2490,0.4186,0.2183
36047011200,45833,52857,6274,0.4452,0.281
36047011400,53148,54167,3709,0.3389,0.3132
36047011600,42518,37472,3480,0.4321,0.3046
36047011700,100167,88893,2961,0.4255,0.1278
36047011800,58571,59095,1965,0.4266,0.1542
36047011901,151875,204345,1382,0.5413,0.0645
36047012000,63297,98110,1299,0.7082,0.1594
36047012100,110461,240517,1989,0.4719,0.0739
36047012200,50889,46507,5762,0.2334,0.3025
36047012600,55625,72206,2831,0.5805,0.2024
36047012700,57829,250001,3896,0.2765,0.2957
36047012801,55607,34028,2192,0.6307,0.234
36047012901,200762,250001,2389,0.4,0.0847
36047012902,133250,228125,2996,0.2614,0.0977
36047013000,81160,104583,4794,0.3684,0.1233
36047013100,139028,250001,3936,0.3104,0.1009
36047013200,86490,134059,2422,0.653,0.1708
36047013300,205556,250001,4567,0.5478,0.0274
36047013400,97351,109153,4510,0.5322,0.1174
36047013500,190781,250001,4223,0.5633,0.027
36047013600,121125,199297,3849,0.6041,0.0456
36047013700,139821,233214,3574,0.4284,0.0656
36047013800,79482,100550,4083,0.5791,0.0903
36047013900,151643,201964,3637,0.4599,0.0451
36047014000,53839,161667,2051,0.673,0.1773
36047014101,114722,178750,1036,0.507,0.1354
36047014102,141025,250001,2027,0.5806,0.0908
36047014200,62847,78097,3403,0.4319,0.1657
36047014300,131875,172381,4000,0.4492,0.0561
36047014500,106667,198500,4048,0.4519,0.0645
36047014700,109602,161146,2675,0.5842,0.1156
36047014800,85625,194922,1266,0.6986,0.0737
36047014901,144032,250001,1563,0.6084,0.0646
36047014902,134817,220764,4707,0.5695,0.0609
36047015000,72708,150515,1744,0.739,0.1178
36047015100,190000,250001,4129,0.5801,0.0153
36047015200,76875,146964,2786,0.778,0.1277
36047015300,106750,250001,2830,0.3796,0.0722
36047015500,190556,250001,3904,0.5476,0.0482
36047015700,166372,250001,4853,0.3761,0.0148
36047015900,187883,250001,5102,0.3879,0.0571
36047016000,84135,99028,4647,0.5239,0.1601
36047016100,156429,188438,3726,0.3653,0.0402
36047016200,87552,135705,2409,0.5172,0.1731
36047016300,123819,250001,3906,0.2858,0.0988
36047016400,122625,113952,1310,0.9228,0.0
36047016500,217438,250001,6604,0.5541,0.0471
36047016600,120938,218636,1940,0.9744,0.0191
36047016700,188827,250001,4859,0.4479,0.031
36047016800,100368,140417,2166,0.8746,0.0946
36047016900,112419,199766,5244,0.6134,0.1563
36047017000,84116,144630,3075,0.7365,0.1402
36047017100,142560,165625,4357,0.6331,0.0265
36047017200,116983,148500,3252,0.8002,0.0966
36047017400,105197,177500,2384,0.7849,0.0839
36047017600,86923,116339,2602,0.731,0.1291
36047017800,77522,78862,2901,0.6007,0.0966
36047017900,94241,146073,4375,0.3218,0.2682
36047018000,59033,91501,3253,0.5983,0.0974
36047018100,121600,221122,3788,0.3091,0.1038
36047018200,59410,77813,3612,0.6972,0.0828
36047018300,158060,250001,2749,0.5924,0.0408
36047018400,67284,133015,2295,0.7428,0.0691
36047018501,41571,64435,4767,0.1672,0.2553
36047018600,67426,80682,2311,0.6918,0.1013
36047018700,92469,143326,1459,0.511,0.1193
36047018800,62056,96186,2882,0.7243,0.1353
36047019000,65821,102022,5114,0.5363,0.0929
36047019100,134583,206650,2993,0.4012,0.0846
36047019200,52885,63063,2876,0.5224,0.2077
36047019300,67000,103850,5684,0.3097,0.1951
36047019400,47031,26392,3512,0.7089,0.3099
36047019500,96106,196250,3405,0.3974,0.1251
36047019600,78629,71411,4670,0.5675,0.2717
36047019700,107149,250001,3754,0.4302,0.05
36047019800,66563,103172,1895,0.755,0.0704
36047019900,118996,250001,3632,0.2596,0.0747
36047020000,76667,71667,2387,0.5569,0.2286
36047020100,129720,189500,4277,0.383,0.0383
36047020200,71875,77188,1924,0.8413,0.0749
36047020300,173125,250001,1849,0.4161,0.1017
36047020400,89474,189762,1886,0.6864,0.1193
36047020500,128281,250001,3407,0.304,0.049
36047020600,95114,97986,2692,0.8417,0.1561
36047020700,158214,222380,4923,0.3315,0.0408
36047020800,48750,58426,3251,0.4776,0.0991
36047021000,58631,36250,4089,0.6502,0.2734
36047021100,72005,124706,3008,0.2803,0.115
36047021200,58385,90496,4328,0.4822,0.2246
36047021300,66683,78992,4346,0.4074,0.1954
36047021400,73456,113856,2482,0.3731,0.2936
36047021500,104796,228026,6271,0.2843,0.1059
36047021600,34815,33533,3945,0.4063,0.4684
36047021700,70625,186250,3493,0.2124,0.1366
36047021800,60816,94264,2927,0.5767,0.1554
36047021900,104423,176378,3882,0.2939,0.1278
36047022000,39321,60947,5153,0.4109,0.5572
36047022100,69213,67880,4058,0.2728,0.242
36047022200,31090,23977,4034,0.3526,0.5082
36047022400,44677,59219,5479,0.5423,0.2648
36047022600,75714,81167,2478,0.4772,0.0541
36047022700,108750,250001,4244,0.3955,0.0728
36047022800,48507,34318,4129,0.5052,0.3942
36047022900,122989,190632,4082,0.3106,0.1325
36047023000,46691,72371,4555,0.4084,0.4042
36047023100,140888,196719,3623,0.5395,0.0895
36047023200,58086,90033,6593,0.3622,0.3987
36047023300,61049,53618,6953,0.309,0.3153
36047023400,26795,65691,5080,0.3148,0.5086
36047023500,55682,138500,5613,0.3076,0.4678
36047023600,31905,18817,5924,0.4097,0.457
36047023800,39196,137661,4563,0.369,0.3732
36047024000,42885,51806,6001,0.3767,0.4319
36047024100,71000,110050,2876,0.2743,0.2913
36047024200,55069,85417,2618,0.6309,0.1578
36047024300,82524,119559,4454,0.3938,0.1194
36047024400,62885,46175,3636,0.5693,0.3426
36047024500,92932,143205,4513,0.408,0.0986
36047024600,68224,105747,3011,0.7207,0.1146
36047024700,70408,178281,2594,0.233,0.1638
36047024800,68063,97000,2506,0.5599,0.0898
36047024900,78025,123036,4146,0.3138,0.2012
36047025000,55132,56974,1914,0.6178,0.1316
36047025100,46947,75375,4032,0.2767,0.2331
36047025200,49815,63504,5501,0.5512,0.1798
36047025300,79583,123353,4003,0.4641,0.1831
36047025400,77465,83576,3306,0.5878,0.1779
36047025500,23003,47297,5558,0.2222,0.3215
36047025600,52052,100298,3134,0.6875,0.2627
36047025700,99821,131458,2584,0.3929,0.1943
36047025800,58490,67917,4871,0.4344,0.2718
36047025901,62734,164808,2077,0.1884,0.2345
36047025902,20045,28656,3694,0.2317,0.4458
36047026000,47948,43155,3402,0.5154,0.0927
36047026100,65957,87648,5358,0.2658,0.3861
36047026200,80139,73625,2819,0.6998,0.0702
36047026300,67143,135435,2097,0.3433,0.2145
36047026400,67524,83720,4446,0.4885,0.1357
36047026500,75612,169423,4192,0.3332,0.1478
36047026600,45893,46176,3662,0.5081,0.147
36047026700,96618,144267,4533,0.367,0.0814
36047026800,77716,110556,4917,0.5933,0.1592
36047026900,90962,212991,3249,0.4092,0.1455
36047027000,33611,52097,2519,0.6115,0.3505
36047027100,68750,248101,3553,0.3908,0.1663
36047027200,71174,95343,3803,0.5838,0.1749
36047027300,78555,121760,3899,0.5312,0.0988
36047027400,52551,81454,3412,0.5674,0.1636
36047027500,89464,141313,5031,0.3769,0.1729
36047027600,56652,56472,3996,0.5739,0.1529
36047027700,62813,83352,4473,0.3947,0.252
36047027800,61975,96061,3337,0.5052,0.1217
36047027900,77220,119691,3459,0.4488,0.1891
36047028000,86509,85573,1946,0.6498,0.1131
36047028100,37243,56250,5175,0.2183,0.3173
36047028200,55644,109766,3623,0.6486,0.1537
36047028300,40559,76917,4015,0.2756,0.3154
36047028400,63009,57443,3614,0.5188,0.1467
36047028501,50278,77930,356,0.0732,0.3081
36047028502,40456,62706,3173,0.1333,0.416
36047028600,42024,64958,5797,0.475,0.2989
36047028700,57321,52861,3488,0.3232,0.2372
36047028800,63625,91250,3703,0.5263,0.1976
36047028900,38750,60062,3782,0.3466,0.2971
36047029000,44070,116779,3852,0.3954,0.3442
36047029100,87917,136271,3525,0.3798,0.1401
36047029200,41827,64831,2766,0.4314,0.2021
36047029300,47375,73431,3553,0.3314,0.172
36047029400,66146,54050,2614,0.5731,0.1833
36047029500,80197,166394,4113,0.5609,0.1918
36047029600,53825,72670,6037,0.4949,0.3157
36047029700,85577,104300,4761,0.4591,0.1619
36047029800,59242,65833,4387,0.7082,0.2505
36047029900,54719,84814,2431,0.3097,0.3469
36047030000,64881,100565,4415,0.5269,0.1773
36047030100,95530,104016,3350,0.5236,0.2683
36047030200,76625,112772,4448,0.7765,0.1612
36047030300,38308,76780,5007,0.2012,0.2771
36047030400,48929,75839,4547,0.623,0.2131
36047030500,112854,233644,7144,0.3583,0.0876
36047030600,48507,91818,2002,0.6567,0.1547
36047030700,39375,61031,7284,0.2702,0.4334
36047030800,53393,82759,1944,0.6904,0.091
36047030900,59484,128289,2444,0.4298,0.2066
36047031100,65139,100965,3014,0.3098,0.2508
36047031300,90828,250001,5111,0.3059,0.1629
36047031401,76908,84399,5157,0.6663,0.0615
36047031500,78851,122219,5348,0.2251,0.103
36047031701,88325,164350,3792,0.4316,0.067
36047031702,95486,148068,3834,0.3526,0.0885
36047031900,75021,250001,3100,0.3535,0.0884
36047032100,60446,58042,5254,0.265,0.1156
36047032300,77450,157798,3575,0.3166,0.2028
36047032500,58641,130855,6321,0.2343,0.2213
36047032600,33467,51873,7510,0.3963,0.4284
36047032700,58750,91062,2870,0.2928,0.1652
36047032800,29289,44194,2848,0.3742,0.2244
36047032900,59636,176429,6174,0.3255,0.2426
36047033000,19215,86049,5007,0.3419,0.4224
36047033100,48393,75009,4441,0.3864,0.2538
36047033300,67663,53801,4578,0.3895,0.1903
36047033500,76771,118995,3218,0.583,0.1878
36047033600,82500,177159,5217,0.8385,0.16
36047033701,54981,85220,2603,0.2747,0.0515
36047033702,68167,105658,1660,0.6905,0.2106
36047033900,51950,128618,4720,0.2558,0.2554
36047034000,16978,26315,1998,0.2977,0.5048
36047034100,66357,121599,3240,0.4399,0.1962
36047034200,20469,21820,6615,0.2865,0.4014
36047034300,31420,48701,5340,0.1928,0.3923
36047034500,50982,57847,2833,0.3209,0.1497
36047034700,34122,139405,3720,0.1612,0.2077
36047034800,49256,46250,2851,0.5064,0.3066
36047034901,42229,51250,1937,0.191,0.08
36047034902,43125,85107,3934,0.2844,0.2072
36047035000,44871,77037,3355,0.5452,0.1827
36047035101,39489,45510,2565,0.4435,0.3103
36047035102,72955,82426,2659,0.3503,0.1621
36047035200,12073,18713,1401,0.1169,0.561
36047035301,39107,43333,2731,0.1733,0.2578
36047035302,80565,82337,3022,0.3502,0.0489
36047035400,52143,85453,6315,0.5614,0.1124
36047035500,52695,80167,5772,0.3764,0.1462
36047035601,31910,49460,2879,0.4659,0.1723
36047035602,55995,73309,5875,0.5678,0.0803
36047035701,38793,86683,2414,0.2039,0.2705
36047035900,67432,83750,5944,0.2704,0.2201
36047036001,27700,42935,3055,0.2746,0.2769
36047036002,30136,209840,4311,0.1597,0.3142
36047036100,20636,42455,2914,0.3008,0.3746
36047036200,53464,65658,3866,0.5136,0.2401
36047036300,36037,55857,5861,0.3191,0.331
36047036400,53528,62188,2441,0.3885,0.163
36047036501,45096,90234,3299,0.3865,0.2201
36047036502,44926,69635,1655,0.4898,0.3303
36047036600,43806,41490,4315,0.4797,0.3518
36047036700,60368,93570,1942,0.4527,0.1988
36047036900,36605,70435,5840,0.2153,0.2715
36047037000,81000,143523,4358,0.7819,0.17
36047037100,78750,96389,5344,0.475,0.1718
36047037300,62542,96940,4831,0.2475,0.3044
36047037401,52625,108026,4735,0.5912,0.1563
36047037402,44472,60417,4967,0.5147,0.1415
36047037500,68594,89808,3269,0.4049,0.1302
36047037700,70865,137368,5229,0.4801,0.1926
36047037900,56645,82500,5122,0.479,0.2519
36047038100,52131,80803,5605,0.392,0.2196
36047038200,17806,43712,6190,0.2255,0.4785
36047038300,77917,136977,5573,0.5108,0.2163
36047038500,83079,164851,4556,0.4311,0.1288
36047038600,84125,83182,3336,0.7259,0.1214
36047038700,51125,79243,4157,0.4564,0.3328
36047038800,76311,129360,4691,0.6361,0.1801
36047038900,83681,89718,3072,0.4858,0.1885
36047039000,69408,68794,2592,0.7368,0.1586
36047039100,93964,145644,3844,0.3485,0.2029
36047039200,58327,159417,3370,0.6803,0.0899
36047039300,84148,67222,4284,0.2438,0.1716
36047039400,39091,60591,2184,0.5068,0.2953
36047039500,52264,81009,3838,0.267,0.3163
36047039600,59063,91547,2090,0.7476,0.1732
36047039700,57339,88875,3076,0.3323,0.2529
36047039800,76600,118730,3103,0.5835,0.1751
36047039900,55517,101250,4551,0.3554,0.2169
36047040000,51991,95833,3073,0.6186,0.1434
36047040100,49565,55833,3423,0.3793,0.3376
36047040200,64118,90966,2936,0.6155,0.1866
36047040300,75298,134609,4094,0.3429,0.2191
36047040400,80000,124000,2563,0.7639,0.1311
36047040500,67188,87716,1584,0.3778,0.1597
36047040600,66196,44115,3992,0.5009,0.1383
36047040800,84753,64545,3862,0.7085,0.095
36047040900,56020,86831,4358,0.349,0.3531
36047041000,63224,115179,2055,0.7085,0.1637
36047041100,54128,83898,3778,0.358,0.1898
36047041200,106000,164300,3454,0.5251,0.2626
36047041300,64267,67986,3646,0.4239,0.2013
36047041401,66250,148188,1396,0.7364,0.1948
36047041402,51735,26625,2052,0.5802,0.2042
36047041500,84072,60099,4472,0.4135,0.2066
36047041600,56695,55990,2178,0.7591,0.1116
36047041700,24948,101638,3330,0.2487,0.2462
36047041800,55000,150778,2785,0.517,0.1908
36047041900,58636,37043,3866,0.3395,0.3213
36047042000,70588,109411,1812,0.6062,0.1625
36047042100,86964,64048,4505,0.3251,0.1545
36047042200,60918,49211,3624,0.7112,0.2127
36047042300,83949,58636,3990,0.3564,0.1145
36047042400,62321,77461,3753,0.5102,0.1553
36047042500,88650,153346,3412,0.3133,0.224
36047042600,67375,138750,4782,0.4749,0.2539
36047042700,82917,128521,4690,0.282,0.1746
36047042800,72344,112133,3892,0.6542,0.0928
36047042900,64063,110859,5558,0.2171,0.2566
36047043000,46038,50287,3738,0.5239,0.1578
36047043100,77633,53510,4695,0.2419,0.1808
36047043200,78173,134600,4504,0.5317,0.1055
36047043300,33641,144107,3820,0.2134,0.3223
36047043400,54375,55125,4014,0.5832,0.3084
36047043500,71049,110536,5191,0.3864,0.2179
36047043600,58193,90199,5057,0.5814,0.1966
36047043700,60667,88073,6041,0.4021,0.1933
36047043800,65357,75129,2463,0.5571,0.1398
36047043900,80286,70208,3919,0.45,0.1391
36047044000,67250,127581,2952,0.6033,0.1958
36047044100,53594,158105,5563,0.368,0.3207
36047044200,72837,74889,2499,0.7247,0.1929
36047044300,84180,110568,4537,0.325,0.1657
36047044400,54265,90625,3900,0.5476,0.2733
36047044500,77451,53201,4519,0.445,0.1562
36047044600,68051,78224,2055,0.6207,0.1066
36047044700,73438,114167,2487,0.2304,0.4242
36047044800,67750,39280,1918,0.6203,0.1072
36047044901,52716,58750,2884,0.2635,0.2445
36047045000,75446,116941,982,0.7711,0.3595
36047045200,73393,113759,2766,0.7241,0.0839
36047045300,57143,58750,2291,0.2196,0.4363
36047045400,96875,150156,1737,0.6949,0.1434
36047045600,68056,105486,2202,0.4484,0.2048
36047045800,84018,130227,1196,0.7783,0.1204
36047046000,82500,221719,3529,0.4849,0.1252
36047046201,38050,58977,2287,0.5014,0.1412
36047046202,82450,108690,1960,0.7609,0.1152
36047046400,54740,127917,2847,0.6273,0.3516
36047046800,35930,27917,2213,0.4685,0.1866
36047047000,73750,100096,2527,0.7799,0.1215
36047047200,78125,27969,3009,0.5686,0.1984
36047047400,56500,74375,2590,0.509,0.3301
36047047600,46250,71687,3132,0.5191,0.1611
36047047700,164647,239811,4017,0.4322,0.1064
36047047800,63000,51542,4398,0.5346,0.1471
36047048000,26159,40546,3324,0.3407,0.3755
36047048100,81613,126500,3053,0.3307,0.1143
36047048200,53804,83396,5545,0.4187,0.1614
36047048400,56809,88053,5889,0.5359,0.2142
36047048500,93929,178015,2329,0.3542,0.231
36047048600,55236,59125,3556,0.4547,0.2011
36047048800,61013,51188,4420,0.5606,0.1326
36047048900,25154,38988,3709,0.2141,0.3917
36047049000,58965,42143,5573,0.3862,0.1615
36047049100,36653,61759,6993,0.2713,0.3479
36047049200,72058,250001,2978,0.5028,0.2408
36047049301,20465,31720,2408,0.128,0.4448
36047049302,47238,73218,5262,0.3541,0.374
36047049400,88846,92181,5372,0.506,0.1125
36047049500,89375,178438,2546,0.2266,0.1915
36047049600,68474,57958,3938,0.4211,0.1314
36047049700,107625,237067,3076,0.5315,0.054
36047049800,67580,104749,4036,0.451,0.0565
36047049900,88958,250001,2088,0.5311,0.0805
36047050001,107333,232305,2250,0.6492,0.008
36047050002,148320,198646,1966,0.4385,0.0214
36047050100,98750,153062,3373,0.3594,0.1462
36047050202,97195,229375,2460,0.638,0.0984
36047050300,127993,250001,2910,0.2971,0.1014
36047050401,128443,199086,3171,0.5508,0.106
36047050402,134602,208633,1758,0.3319,0.0939
36047050500,63468,115736,4136,0.2592,0.2749
36047050600,73077,89362,5820,0.4044,0.1568
36047050700,50667,78533,3780,0.4411,0.3492
36047050801,70134,108707,3719,0.2964,0.1899
36047050803,67000,103850,2752,0.241,0.159
36047050804,87124,135042,6597,0.3773,0.0963
36047050900,37003,52438,6003,0.4549,0.5606
36047051001,54246,37632,4491,0.1883,0.1548
36047051002,55974,50417,4038,0.2523,0.0825
36047051100,79675,177560,4491,0.3285,0.2302
36047051200,65847,98750,6470,0.3832,0.1654
36047051300,121607,188490,5825,0.3104,0.1624
36047051400,72477,106406,7733,0.3396,0.1561
36047051500,167917,250001,2812,0.3863,0.0781
36047051601,56834,63571,5132,0.3966,0.1773
36047051602,67276,112917,3843,0.3205,0.1073
36047051700,171375,180677,2857,0.3744,0.07
36047051800,84748,160577,3455,0.4024,0.116
36047051900,188567,186220,5257,0.3476,0.059
36047052000,108994,191845,3951,0.531,0.1182
36047052300,91750,104306,5376,0.238,0.1706
36047052500,28050,51890,3321,0.248,0.2993
36047052600,73895,114537,4366,0.424,0.1359
36047052700,61966,73884,6917,0.2763,0.1557
36047052800,107188,250001,1935,0.6913,0.1083
36047052900,27456,20599,2920,0.3505,0.4542
36047053000,60365,108690,4133,0.5786,0.283
36047053102,61458,95259,6244,0.5385,0.4609
36047053200,65603,115526,2759,0.5079,0.1562
36047053300,24834,38492,6367,0.2318,0.5087
36047053400,50444,86350,4927,0.5069,0.184
36047053500,26760,41478,4033,0.2226,0.5078
36047053700,46719,72414,4275,0.509,0.3939
36047053800,63750,137988,5759,0.4433,0.1038
36047053900,23011,35667,2878,0.3229,0.5539
36047054200,45549,70600,4138,0.5262,0.1631
36047054400,67011,64234,4140,0.7386,0.1056
36047054500,23456,22621,7650,0.1945,0.6207
36047054600,57017,32129,5445,0.4203,0.1929
36047054700,72130,44655,6717,0.3577,0.3104
36047054800,82788,128321,2248,0.6178,0.1723
36047054900,122717,190211,4577,0.3566,0.2396
36047055000,67391,94231,3773,0.5394,0.1555
36047055100,109662,169976,5413,0.356,0.1391
36047055200,81250,82243,3625,0.3914,0.1148
36047055300,117750,182512,3065,0.3145,0.2154
36047055400,51667,122895,4252,0.4613,0.1312
36047055500,174028,250001,9345,0.4155,0.0626
36047055600,60458,49005,4079,0.5894,0.2879
36047055700,107410,166485,1834,0.253,0.0769
36047055800,67500,104625,2511,0.4688,0.2013
36047056100,126159,178611,3776,0.4374,0.0592
36047056200,115867,201111,1936,0.8897,0.0057
36047056301,121250,246389,4387,0.4282,0.1485
36047056302,63627,130179,1638,0.2894,0.1319
36047056400,78409,129167,2735,0.8095,0.0987
36047056500,110673,208056,3432,0.2801,0.0533
36047056600,88472,107212,2679,0.7092,0.2131
36047056800,82955,128580,1440,0.7744,0.1861
36047056900,148333,250001,1762,0.4474,0.0231
36047057000,69987,110750,3790,0.6494,0.1055
36047057100,104761,162379,4036,0.2398,0.0505
36047057200,25498,70041,5394,0.2277,0.3396
36047057300,93036,144205,2545,0.4125,0.1144
36047057400,87893,128333,2993,0.8048,0.1103
36047057500,107365,111298,4417,0.415,0.1313
36047057600,84500,153500,3157,0.5777,0.1006
36047057800,60823,83971,2964,0.5632,0.2171
36047057901,121031,187598,1274,0.1913,0.2429
36047058000,43375,102051,4214,0.4898,0.2501
36047058200,66000,148750,2697,0.5481,0.0764
36047058400,67315,121406,3655,0.5135,0.0635
36047058600,74347,90139,2769,0.7169,0.1696
36047058800,78375,121481,3542,0.5737,0.0802
36047058901,95357,168594,1804,0.5551,0.0671
36047059000,80147,135667,2025,0.4226,0.2267
36047059100,123872,192001,3963,0.4648,0.0505
36047059200,71167,122813,4190,0.4596,0.1706
36047059300,95595,137500,2396,0.488,0.126
36047059402,80167,175719,5942,0.7732,0.0692
36047059403,84389,156910,3456,0.574,0.1305
36047059404,56771,204211,4313,0.5583,0.1348
36047059600,50000,77500,2445,0.677,0.1292
36047059800,76312,118283,3712,0.6171,0.1767
36047060000,87365,199904,6344,0.7113,0.0976
36047060600,71994,166875,2896,0.495,0.1398
36047060800,86607,134240,3986,0.6218,0.1167
36047061002,82515,127898,5247,0.577,0.1193
36047061003,51597,93750,1842,0.3783,0.3018
36047061004,33685,34923,6218,0.3036,0.1619
36047061200,135500,166333,1169,0.8057,0.0355
36047061600,126375,246094,1508,0.7907,0.0108
36047062000,94348,123359,2021,0.8764,0.0643
36047062200,82422,131964,2786,0.6332,0.1453
36047062600,73472,85750,3105,0.687,0.0808
36047062800,99710,131719,5009,0.8867,0.0783
36047063200,81196,125853,1471,0.8522,0.1332
36047063600,128636,199385,1254,0.8443,0.0813
36047063800,97981,128750,2258,0.7957,0.0463
36047064000,127917,250001,1768,0.8759,0.0328
36047064200,57466,130156,2617,0.7441,0.2442
36047064400,82500,131111,2981,0.8024,0.1675
36047064600,84833,138095,2337,0.821,0.0308
36047064800,108846,139107,2430,0.8578,0.0835
36047065000,74159,250001,1524,0.6266,0.0903
36047065200,98103,129904,1173,0.9278,0.0153
36047065400,110500,194167,1592,0.919,0.0452
36047065600,104653,171484,1900,0.8508,0.0342
36047065800,84427,213036,1853,0.8136,0.0907
36047066000,133571,152813,2100,0.81,0.009
36047066200,83446,120583,1392,0.8253,0.0524
36047067000,82629,155385,2928,0.6384,0.0997
36047067200,73807,61667,1713,0.7495,0.042
36047067400,135139,183500,1968,0.8521,0.0412
36047067600,89265,217266,1847,0.7849,0.131
36047067800,89844,155294,3312,0.7796,0.116
36047068000,105272,163171,2096,0.7121,0.0177
36047068200,94957,156860,2587,0.6834,0.0768
36047068600,72500,250001,1721,0.704,0.0383
36047068800,80481,220250,1872,0.7561,0.0279
36047069000,117292,121477,2007,0.7147,0.0665
36047069200,109167,154750,2354,0.7817,0.0231
36047069601,86023,183393,3400,0.8039,0.0512
36047069602,84619,250001,5748,0.8118,0.0882
36047069800,122019,136908,1534,0.9118,0.0146
36047070000,84034,213750,1344,0.7216,0.032
36047070201,113707,176245,5775,0.8918,0.0274
36047070601,128385,198996,3468,0.9512,0.0291
36047072000,66285,128839,2109,0.6992,0.2541
36047072200,60048,87371,3165,0.7611,0.2057
36047072400,76458,136641,1939,0.7165,0.0562
36047072600,89814,126161,2392,0.8306,0.0635
36047072800,70096,163681,3791,0.6541,0.0807
36047073000,117857,91417,2676,0.6517,0.0183
36047073200,61572,56375,2195,0.7839,0.1508
36047073400,95515,95882,1720,0.7424,0.0087
36047073600,61292,57067,3186,0.6273,0.118
36047073800,51719,117583,3863,0.5866,0.073
36047074000,66250,46615,3963,0.6701,0.1835
36047074200,68931,128068,3144,0.5495,0.123
36047074400,143565,131964,3084,0.8815,0.0318
36047074600,91000,167500,2643,0.7054,0.0543
36047074800,73000,113150,1725,0.6529,0.2012
36047075000,87134,81053,3104,0.6464,0.0413
36047075200,160536,248830,1076,1.0,0.0
36047075400,101581,124219,1262,0.8677,0.0166
36047075600,79583,115192,2121,0.8479,0.0646
36047075800,69375,136420,1742,0.7418,0.0534
36047076000,46949,72770,2935,0.5575,0.1768
36047076200,55500,110321,4633,0.4071,0.2907
36047076400,72889,127411,4230,0.4704,0.2071
36047076600,76250,112955,2182,0.4077,0.0839
36047076800,58663,109079,4064,0.6551,0.1316
36047077000,88482,137147,2583,0.5197,0.0808
36047077200,83555,221696,3560,0.6065,0.121
36047077400,82562,84438,3441,0.4898,0.1078
36047077600,78561,120852,3882,0.5684,0.0353
36047078000,92391,113932,2413,0.8588,0.0212
36047078200,62470,78125,4349,0.4426,0.1364
36047078400,108500,156250,2830,0.6354,0.0679
36047078601,63891,128235,2475,0.3281,0.1689
36047078602,54030,83746,2122,0.3617,0.1823
36047078801,51838,51192,2208,0.4597,0.1372
36047078802,56635,108313,1793,0.3763,0.1948
36047079001,97576,151242,1747,0.4057,0.0859
36047079002,58851,59688,3042,0.4172,0.1571
36047079201,75417,116896,1200,0.4368,0.1025
36047079202,65192,158478,2255,0.4248,0.2084
36047079400,50714,78606,1978,0.3419,0.2162
36047079601,81056,177875,3681,0.3187,0.1413
36047079602,68513,66442,5324,0.2879,0.1726
36047079801,71583,110953,3198,0.2919,0.0285
36047079802,84426,123895,5129,0.3004,0.1337
36047080000,69543,128472,3697,0.5285,0.1262
36047080200,89289,159792,5008,0.3939,0.0692
36047080400,52500,97396,3238,0.3464,0.1198
36047080600,62135,96190,3466,0.3965,0.1823
36047080800,11988,58750,1796,0.1292,0.5787
36047081000,63362,98211,2530,0.5032,0.1499
36047081400,69938,96250,2655,0.4468,0.0763
36047081600,56555,126875,2922,0.4179,0.1204
36047081800,80000,84063,4280,0.3177,0.1084
36047082000,48475,75136,5436,0.2378,0.2177
36047082200,66323,97333,7594,0.1678,0.121
36047082400,51419,57216,5116,0.2719,0.1185
36047082600,65866,150441,4923,0.4225,0.1568
36047082800,70189,108792,3531,0.3983,0.09
36047083000,57348,88889,6490,0.4964,0.1008
36047083200,75625,68875,2135,0.6916,0.0798
36047083400,78906,96477,1650,0.7461,0.1075
36047083600,85449,157222,2031,0.7405,0.0906
36047083800,85060,84716,2109,0.6788,0.0715
36047084000,69948,119398,2631,0.5636,0.0546
36047084600,53281,82585,1905,0.6119,0.0394
36047084800,88438,137078,1645,0.5856,0.1054
36047085000,89531,187396,1747,0.8022,0.0996
36047085400,62361,103036,1998,0.5063,0.0976
36047085600,71141,70331,3947,0.4869,0.2164
36047085800,65865,102090,1995,0.5524,0.0532
36047086000,66531,157042,3323,0.5184,0.0488
36047086200,49861,116875,3008,0.4988,0.1346
36047086400,70750,99091,2922,0.5333,0.1314
36047086600,67995,118068,3289,0.5447,0.1515
36047086800,42171,58988,3366,0.3643,0.1696
36047087000,54432,120000,3253,0.515,0.209
36047087200,61538,90882,3045,0.6102,0.1999
36047087401,39814,137766,3730,0.3152,0.2216
36047087600,41129,38924,1825,0.4404,0.2049
36047087800,56875,88156,2448,0.3608,0.1914
36047088001,45375,70331,2135,0.5513,0.1338
36047088002,87448,134022,1187,0.7815,0.0758
36047088200,48200,92770,6411,0.364,0.0841
36047088400,38703,59989,4640,0.2957,0.3381
36047088600,42344,89125,4078,0.3965,0.2524
36047088800,44754,96083,4191,0.3388,0.2167
36047089000,55550,96547,6935,0.2783,0.1324
36047089200,26807,40096,3130,0.1298,0.4266
36047089400,55352,85795,3369,0.4279,0.3253
36047089600,21553,33407,3272,0.2251,0.4031
36047089800,56054,90682,2227,0.3395,0.1985
36047090000,38088,56700,4542,0.2518,0.3668
36047090200,37557,86917,3509,0.276,0.3744
36047090600,19049,31829,3476,0.0973,0.4025
36047090800,15050,23327,5498,0.1505,0.5811
36047091000,14446,22391,4613,0.1426,0.4598
36047091200,14692,30063,5312,0.166,0.4226
36047091600,18043,27966,3686,0.2578,0.3594
36047091800,30781,47710,2340,0.3756,0.2821
36047092000,32711,50702,2247,0.3712,0.2817
36047092200,34867,117561,2335,0.3519,0.0741
36047092400,31020,38446,2673,0.2029,0.2514
36047092800,69149,125250,2745,0.6631,0.0798
36047093000,82566,127222,3046,0.7047,0.0912
36047093200,34271,123523,1537,0.4218,0.2004
36047093400,79595,123372,2585,0.7275,0.0886
36047093600,68638,102417,1679,0.6011,0.0578
36047093800,83153,101118,2736,0.5707,0.0866
36047094401,75000,236193,3330,0.6845,0.1492
36047094402,30916,103654,3314,0.261,0.309
36047094600,84595,93580,1888,0.7485,0.0493
36047095000,83846,121250,2751,0.5312,0.0859
36047095400,96597,141538,4340,0.6125,0.0806
36047095600,78547,84464,4524,0.6554,0.1065
36047095800,69120,107136,3378,0.7816,0.1081
36047096200,67344,102596,1679,0.7828,0.0717
36047096400,67763,128816,2469,0.512,0.129
36047096600,66968,103800,2525,0.6544,0.2165
36047096800,91080,81932,1511,0.67,0.0821
36047097000,77895,121597,2696,0.6834,0.1376
36047097400,76767,118988,2792,0.6786,0.1603
36047098200,22309,20612,4526,0.22,0.466
36047098400,97386,110172,2233,0.7699,0.0335
36047098600,81369,89241,2857,0.7614,0.091
36047098800,83628,100302,3348,0.7231,0.0556
36047099000,77721,57422,1742,0.798,0.1824
36047099200,81542,82250,2483,0.8659,0.1104
36047099400,100266,127188,2057,0.8375,0.0773
36047099600,65260,101153,3496,0.6162,0.0541
36047099800,80938,125453,4005,0.6688,0.0447
36047100400,76207,117875,3004,0.7242,0.0806
36047100600,96597,108846,2809,0.689,0.1
36047100800,84348,104269,2236,0.6437,0.0683
36047101000,59070,124625,2293,0.4942,0.2058
36047101200,85556,131176,2324,0.7761,0.0873
36047101400,86923,110776,2169,0.7874,0.0799
36047101600,106944,183352,1710,0.8865,0.0224
36047101800,86188,250001,2176,0.7716,0.0483
36047102000,111767,168380,2261,0.8637,0.0327
36047102200,72273,69688,2364,0.6958,0.0351
36047102400,74643,209559,2245,0.7599,0.1376
36047102600,100417,107344,3193,0.7956,0.0924
36047102801,86300,86700,1610,0.7957,0.0732
36047103401,17871,33704,4379,0.3609,0.4679
36047105801,19826,30730,6094,0.2709,0.3632
36047105804,39446,75029,6831,0.3693,0.1816
36047107001,53073,87679,2992,0.4023,0.1866
36047107800,73847,74674,4667,0.6326,0.0969
36047109800,52886,50526,2460,0.4977,0.2736
36047110400,41949,65020,4811,0.3542,0.2118
36047110600,28000,61350,4994,0.2476,0.4203
36047111000,28365,43965,3120,0.1694,0.2311
36047111600,72472,78125,3617,0.6319,0.1453
36047111800,75299,116713,3953,0.3563,0.2058
36047112000,54706,84794,3353,0.3782,0.2935
36047112200,22734,35237,2946,0.4599,0.3962
36047112400,44875,55366,3938,0.4755,0.2387
36047112600,49311,76432,4029,0.2782,0.289
36047112800,40063,159868,4024,0.3261,0.3951
36047113000,47700,108603,4087,0.4122,0.1916
36047113200,50149,112768,2315,0.4964,0.1196
36047113400,27059,41941,2566,0.0734,0.3366
36047114202,58576,87000,3001,0.4473,0.2886
36047114400,72711,65114,2849,0.3524,0.3473
36047114600,35464,54969,3119,0.4272,0.2421
36047115000,63106,97814,2839,0.4269,0.1624
36047115200,48894,75785,3664,0.5144,0.1512
36047115600,25842,40055,4320,0.3221,0.3413
36047115800,57617,84118,3020,0.4984,0.2281
36047116000,41724,64672,2781,0.4737,0.2804
36047116200,54097,125707,2728,0.6267,0.2658
36047116400,60137,93212,4063,0.524,0.1757
36047116600,51477,78750,3028,0.4658,0.1277
36047116800,61121,46281,2538,0.5592,0.1414
36047117201,56906,91894,2427,0.6294,0.2625
36047117202,67929,90763,4492,0.3432,0.1291
36047117601,54167,83958,3333,0.394,0.1482
36047117602,53444,90875,2782,0.3376,0.1617
36047117800,49423,70365,1924,0.7077,0.1323
36047118201,72098,97734,3329,0.3093,0.1433
36047118202,60438,93678,3581,0.4234,0.2052
36047118400,66408,68904,4899,0.4485,0.1435
36047118600,75583,112768,3516,0.5657,0.0797
36047118800,59112,57188,4814,0.3734,0.1993
36047119000,48375,68478,2372,0.3063,0.3681
36047119200,85071,98438,3421,0.4902,0.1584
36047119400,55788,86471,5898,0.4761,0.3376
36047119600,43916,68069,5099,0.4067,0.2716
36047119800,38854,60223,3664,0.4523,0.3507
36047120000,34522,116625,2769,0.3031,0.2045
36047120200,80170,124263,2160,0.5222,0.1514
36047120801,69235,107314,5672,0.5113,0.0962
36047120802,30707,47595,4556,0.3355,0.3205
36047120803,29331,45463,1916,0.267,0.1173
36047121000,14494,2499,4237,0.0293,0.5336
36047121400,20600,30417,4720,0.1933,0.4856
36047122000,48036,74455,6741,0.4749,0.2074
36047123700,45333,70266,8372,0.3997,0.5237
36047150200,112228,213523,2807,0.6884,0.046
36047152200,205227,205441,3578,0.8401,0.0355
36061000201,32286,63828,2740,0.0724,0.5473
36061000202,31806,114758,6789,0.1703,0.3096
36061000600,19692,95195,10732,0.1364,0.3853
36061000700,193276,250001,8653,0.0813,0.0346
36061000800,28269,80579,9189,0.1269,0.2883
36061000900,208438,323078,1906,0.1434,0.0793
36061001001,101893,161406,1615,0.4994,0.0099
36061001002,22183,18022,5520,0.1418,0.4437
36061001200,83669,137353,4372,0.2704,0.2169
36061001300,193065,250001,4844,0.158,0.0884
36061001401,95515,188625,3071,0.3862,0.0821
36061001402,33793,52379,3133,0.0794,0.2893
36061001501,109832,161827,7749,0.2393,0.0812
36061001502,197993,201838,8133,0.1326,0.0699
36061001600,41583,64453,8133,0.1447,0.1197
36061001800,71567,65664,7271,0.1187,0.1437
36061002000,25833,26719,5015,0.1339,0.405
36061002100,250001,250001,7379,0.1733,0.0166
36061002201,26021,40332,6689,0.2041,0.3334
36061002202,114676,177747,2422,0.1476,0.1383
36061002400,14533,31845,4385,0.1955,0.5991
36061002500,21381,33140,5289,0.147,0.5052
36061002601,32727,69250,4171,0.0899,0.3074
36061002602,68537,250001,3683,0.1614,0.1967
36061002700,107031,76667,1253,0.2129,0.17
36061002800,52448,149844,6483,0.245,0.2033
36061002902,28615,44353,4197,0.2155,0.3207
36061003001,78935,35282,3718,0.1649,0.1947
36061003002,73607,125288,3126,0.1517,0.2418
36061003100,193667,250001,2684,0.1575,0.0885
36061003200,82984,128625,8000,0.2617,0.152
36061003300,250001,250001,5647,0.3532,0.0142
36061003400,92569,48331,6981,0.1952,0.3071
36061003601,44193,68594,2940,0.1373,0.1694
36061003602,130924,202932,3561,0.1198,0.2312
36061003700,211979,250001,3338,0.2487,0.0461
36061003800,72736,112740,8137,0.1081,0.1424
36061003900,190563,250001,6830,0.4777,0.0675
36061004001,111985,173576,3004,0.1286,0.092
36061004002,139865,216790,6135,0.0995,0.2052
36061004100,97287,250001,7854,0.1752,0.1466
36061004200,128578,250001,5347,0.1232,0.1466
36061004300,102763,215547,3788,0.1124,0.1476
36061004400,125895,250001,16629,0.2732,0.1315
36061004500,145370,250001,1189,0.2782,0.1009
36061004700,137882,213717,2714,0.145,0.0797
36061004800,164620,192738,6541,0.2189,0.0797
36061004900,119821,250001,4411,0.2805,0.0921
36061005000,168125,194089,5042,0.2076,0.0566
36061005200,165972,250001,3254,0.338,0.0818
36061005400,164700,250001,4851,0.2436,0.0424
36061005501,178008,178500,5073,0.3123,0.1656
36061005502,129250,250001,1912,0.2271,0.1025
36061005600,162105,250001,4190,0.1654,0.1766
36061005700,198529,240250,3016,0.3831,0.0283
36061005800,138706,250001,4017,0.1576,0.1267
36061005900,151031,250001,5047,0.3146,0.0697
36061006000,189625,250001,5698,0.3716,0.0246
36061006100,244702,250001,5143,0.4007,0.0406
36061006200,100403,250001,4385,0.079,0.2046
36061006300,160781,250001,6456,0.2565,0.0618
36061006400,102312,250001,7415,0.204,0.1537
36061006500,106561,165169,5933,0.1781,0.0825
36061006600,101127,156746,12022,0.2472,0.092
36061006700,113685,176211,5093,0.1239,0.0408
36061006800,136962,212291,8293,0.2086,0.1183
36061006900,237500,368125,2450,0.2927,0.0419
36061007001,110150,170732,3572,0.3255,0.0273
36061007002,130405,168750,4292,0.271,0.1393
36061007100,176711,250001,5384,0.1431,0.0588
36061007200,141161,218799,7882,0.1043,0.0463
36061007300,142409,220733,5428,0.1679,0.0984
36061007400,178045,275969,4805,0.0907,0.0697
36061007500,109250,224167,3610,0.2537,0.0676
36061007600,131429,189196,2258,0.0927,0.1187
36061007700,143750,136349,5849,0.1463,0.0757
36061007800,151900,221908,9494,0.1067,0.0393
36061007900,104246,250001,4170,0.2397,0.0806
36061008000,148750,220150,5282,0.1963,0.0688
36061008100,144375,250001,7318,0.1672,0.0443
36061008200,165911,207217,3567,0.1277,0.0563
36061008300,56197,93866,4073,0.2078,0.2261
36061008400,200521,250001,1466,0.0906,0.0758
36061008601,153333,250001,3042,0.2197,0.1555
36061008603,204292,250001,5226,0.4193,0.0329
36061008700,172825,250001,6216,0.1745,0.0912
36061008800,119571,250001,8108,0.2337,0.0475
36061008900,111131,250001,5844,0.2275,0.1688
36061009000,146289,250001,7775,0.1711,0.0862
36061009100,148859,250001,6656,0.2321,0.165
36061009200,153661,238174,1541,0.1203,0.0313
36061009300,87706,140582,10198,0.2311,0.1405
36061009500,154274,250001,3151,0.1219,0.0503
36061009600,98846,153211,220,0.1588,0.0227
36061009700,64672,100241,4620,0.1305,0.1308
36061009800,99657,250001,7426,0.1835,0.1321
36061009901,250001,250001,1877,0.2943,0.0315
36061009902,140077,140968,3210,0.1307,0.0576
36061009903,143011,221667,744,0.0698,0.097
36061010000,101406,157179,1747,0.0667,0.0504
36061010100,101500,176250,1683,0.1006,0.1753
36061010200,83857,129978,214,0.141,0.1215
36061010300,110756,171671,2565,0.0582,0.115
36061010400,165000,255750,830,0.2481,0.0495
36061010601,243082,250001,7632,0.4267,0.0343
36061010602,194188,250001,4812,0.2513,0.0202
36061010801,171250,265437,3035,0.1606,0.0341
36061010802,139327,250001,4432,0.1372,0.0546
36061010803,139261,215854,1335,0.196,0.0315
36061010900,155417,240896,251,0.1121,0.255
36061011000,144430,250001,7553,0.221,0.0486
36061011100,109868,250001,4540,0.1079,0.0844
36061011201,184200,285510,919,0.1852,0.0871
36061011202,222500,344875,491,0.4194,0.0102
36061011203,182014,250001,1206,0.2713,0.0531
36061011300,81667,126583,107,0.1364,0.5421
36061011401,250001,250001,1217,0.3021,0.0404
36061011402,204000,250001,2239,0.2622,0.0348
36061011500,147159,180216,3367,0.0909,0.1469
36061011600,87987,250001,3782,0.1018,0.0976
36061011700,124111,192372,4900,0.1388,0.0614
36061011800,158472,250001,9567,0.3122,0.078
36061011900,18056,27986,1152,0.0477,0.4688
36061012000,161526,250001,3013,0.3982,0.071
36061012101,54850,85017,2899,0.0519,0.1521
36061012102,52689,81667,5053,0.0693,0.1209
36061012200,231701,231127,2986,0.4113,0.0395
36061012400,134163,207952,10249,0.2632,0.037
36061012500,157177,243624,2427,0.1089,0.1253
36061012601,102125,158293,7106,0.3349,0.0329
36061012602,177882,275717,4847,0.3438,0.0326
36061012700,132578,205495,7298,0.1475,0.1351
36061012800,166797,231417,5574,0.4396,0.0833
36061012901,112589,174512,7025,0.1922,0.114
36061012902,86514,134096,2374,0.1635,0.1596
36061013000,175208,271572,3595,0.465,0.0459
36061013100,97240,150722,2780,0.167,0.0853
36061013201,107895,167237,2496,0.2685,0.0669
36061013202,83240,211270,3603,0.2592,0.0946
36061013203,110642,171495,4452,0.1801,0.2743
36061013300,84772,131396,6471,0.139,0.14
36061013400,127788,250001,11272,0.2582,0.1231
36061013501,57741,24634,4936,0.1449,0.1728
36061013601,227462,352566,1714,0.3125,0.0286
36061013602,142734,250001,6756,0.4939,0.0259
36061013603,111912,173463,4069,0.2855,0.0047
36061013604,126863,196637,4042,0.3263,0.0836
36061013700,164849,210081,6579,0.3386,0.0774
36061013800,163182,250001,12879,0.2223,0.0486
36061013900,103362,250001,10203,0.1261,0.0791
36061014000,131641,250001,7461,0.3387,0.0434
36061014200,211951,250001,4747,0.521,0.0495
36061014401,166583,250001,4644,0.3027,0.0215
36061014402,135301,250001,7028,0.2765,0.0531
36061014500,184231,217321,6401,0.1777,0.0607
36061014601,131488,250001,4312,0.1159,0.0871
36061014602,115790,250001,7878,0.2282,0.079
36061014700,207425,206814,3041,0.2883,0.0694
36061014801,168068,250001,2751,0.2698,0.0378
36061014802,139196,212772,6615,0.2846,0.0376
36061014900,149324,231452,5412,0.3784,0.1321
36061015001,175893,250001,2001,0.3778,0.0425
36061015002,250001,250001,4707,0.5796,0.0399
36061015101,26533,41126,3747,0.207,0.2778
36061015102,145608,250001,7426,0.2511,0.1759
36061015200,114406,250001,8122,0.2437,0.174
36061015301,135911,250001,4450,0.3661,0.0483
36061015302,127339,250001,5431,0.2435,0.0541
36061015401,107342,166380,5071,0.2934,0.054
36061015402,104593,162119,3579,0.3557,0.0433
36061015403,91853,190911,5211,0.1992,0.0986
36061015501,191490,250001,5197,0.5029,0.081
36061015502,136549,250001,5095,0.4027,0.1233
36061015601,106520,165106,5170,0.1687,0.1142
36061015602,67813,105110,2193,0.1971,0.275
36061015700,140734,218137,10447,0.2338,0.0589
36061015801,165481,250001,4877,0.3763,0.0685
36061015802,77889,120727,4284,0.1254,0.0748
36061015900,144315,250001,8606,0.3111,0.0682
36061016001,250001,250001,3127,0.4896,0.023
36061016002,122688,250001,3522,0.2164,0.0375
36061016100,119914,250001,6544,0.1972,0.0487
36061016200,28189,43692,9066,0.1662,0.2922
36061016300,121569,217262,7575,0.3872,0.0469
36061016400,25156,32072,8042,0.1814,0.4651
36061016500,194477,250001,7431,0.2445,0.0982
36061016700,215827,250001,6966,0.3115,0.0986
36061016800,34115,47019,5110,0.2192,0.4156
36061016900,153854,250001,7984,0.3238,0.0795
36061017000,40742,89408,8968,0.2132,0.2245
36061017100,148201,250001,9517,0.2892,0.1313
36061017200,35486,55003,5110,0.1642,0.2562
36061017300,116969,250001,8867,0.1952,0.0776
36061017401,37464,58069,4967,0.1737,0.2883
36061017402,57750,89512,2759,0.1497,0.2468
36061017500,163000,250001,10628,0.2842,0.0362
36061017700,97412,164358,10581,0.2542,0.1029
36061017800,46198,71606,4087,0.2033,0.2357
36061017900,125259,163750,9116,0.2767,0.0303
36061018000,27152,42085,7048,0.083,0.3787
36061018100,102127,204114,9064,0.2967,0.0474
36061018200,29929,96105,7212,0.1839,0.3737
36061018300,129909,250001,8578,0.3508,0.1362
36061018400,27293,42304,7846,0.1816,0.3083
36061018500,142986,181723,5155,0.279,0.0654
36061018600,40073,51375,6074,0.146,0.3327
36061018700,140970,250001,9874,0.2538,0.1093
36061018800,42272,88482,4955,0.2305,0.3025
36061018900,29421,11836,11245,0.1688,0.3903
36061019000,76406,237292,3722,0.3162,0.1738
36061019100,130625,250001,8888,0.191,0.0764
36061019200,16295,14567,4247,0.1308,0.4744
36061019300,73487,125357,10614,0.1699,0.1788
36061019400,19926,90231,6475,0.1245,0.3629
36061019500,105234,250001,7766,0.229,0.1065
36061019600,20093,31144,3910,0.0631,0.3482
36061019701,44154,42778,879,0.2719,0.2799
36061019702,85227,158942,3074,0.2847,0.2223
36061019800,88646,151292,2499,0.368,0.0549
36061019900,91056,250001,8876,0.2566,0.2097
36061020000,61250,186477,3233,0.2202,0.1293
36061020101,156250,195938,1859,0.2377,0.0774
36061020102,79273,122873,4125,0.246,0.1578
36061020300,58835,91194,4036,0.1498,0.2665
36061020500,179348,250001,5633,0.4312,0.051
36061020600,44493,110599,3749,0.1814,0.2543
36061020701,67610,154167,2870,0.1116,0.2297
36061020800,98426,179514,5714,0.2581,0.1734
36061020901,22000,39738,3674,0.1108,0.3966
36061021000,36616,27000,7179,0.2049,0.3453
36061021100,67538,250001,10519,0.23,0.2153
36061021200,67900,95750,4219,0.1993,0.1515
36061021303,59184,74186,6553,0.2805,0.1732
36061021400,54375,84281,3034,0.1839,0.1648
36061021500,49293,76404,4136,0.1355,0.2038
36061021600,58297,45563,9341,0.2201,0.2012
36061021800,42796,173079,5980,0.2913,0.1766
36061021900,22068,20445,6422,0.175,0.4541
36061022000,95761,226080,6550,0.3586,0.1271
36061022102,99931,154893,2670,0.335,0.0727
36061022200,61125,94743,3645,0.2141,0.2447
36061022301,55365,130132,7779,0.1805,0.1672
36061022302,25738,39893,3093,0.1487,0.3308
36061022400,34224,53047,7671,0.206,0.3111
36061022500,57933,89796,11105,0.2353,0.2439
36061022600,52838,81898,5386,0.293,0.2399
36061022700,56265,188988,5239,0.1482,0.2708
36061022800,77701,146063,6185,0.3093,0.1471
36061022900,48591,71250,9265,0.1669,0.3078
36061023000,37695,59387,9067,0.1859,0.3013
36061023100,59043,91516,6900,0.225,0.2079
36061023200,35357,26925,9167,0.1593,0.4426
36061023300,77660,120373,7460,0.2215,0.1514
36061023400,66411,102937,5005,0.1614,0.2867
36061023501,71592,130182,7298,0.2266,0.1429
36061023502,49750,89236,1716,0.2444,0.2378
36061023600,46774,64005,7871,0.2798,0.1568
36061023700,42610,72930,6328,0.1341,0.3597
36061023802,97703,165667,5637,0.227,0.0858
36061023803,83529,250001,3483,0.2794,0.0947
36061023804,167379,226910,3035,0.2473,0.0168
36061023900,43526,38049,3433,0.0775,0.1599
36061024100,56984,138164,8424,0.2753,0.1362
36061024200,37115,48313,5513,0.1236,0.2458
36061024301,71250,91108,5083,0.1688,0.1361
36061024302,25448,38750,7183,0.1298,0.3802
36061024500,45645,108029,15041,0.0905,0.2491
36061024700,49888,171193,6632,0.3262,0.1383
36061024900,78438,121578,1006,0.2184,0.0768
36061025100,34063,52797,2724,0.0988,0.295
36061025300,62684,74375,11488,0.1835,0.1816
36061025500,62153,103610,5809,0.1685,0.1911
36061025700,83750,250001,5030,0.3631,0.1009
36061025900,71436,71422,4033,0.3247,0.1155
36061026100,44173,83241,13217,0.1763,0.2279
36061026300,54489,52661,9690,0.2587,0.2342
36061026500,91521,156335,8907,0.2551,0.0789
36061026700,59559,70938,2119,0.511,0.1311
36061026900,60619,65574,9464,0.2529,0.1284
36061027100,72061,79750,9126,0.2336,0.1364
36061027300,106316,208852,7620,0.2631,0.0469
36061027500,149007,184375,3074,0.2893,0.0511
36061027700,31650,49057,6603,0.1237,0.3966
36061027900,51599,69500,11410,0.2666,0.1643
36061028100,98750,250001,3361,0.3239,0.0205
36061028300,64394,137237,8463,0.3298,0.1616
36061028500,51959,69467,8799,0.1867,0.226
36061028700,69688,108016,4580,0.215,0.1489
36061029100,50106,95672,12476,0.2274,0.2176
36061029300,55903,64409,10138,0.3064,0.1736
36061029500,80327,101010,8064,0.2901,0.0477
36061029900,21458,98450,3757,0.2447,0.2792
36061030300,80972,64313,4393,0.3192,0.1084
36061030700,105540,176875,4072,0.4205,0.0455
36061030900,41135,52355,11753,0.3544,0.2931
36061031703,250001,250001,6419,0.3421,0.0446
36061031704,207092,248395,10558,0.2531,0.0232
36081000101,117024,181387,5006,0.5254,0.0575
36081000102,197930,250001,5323,0.4226,0.0235
36081000200,65000,150536,2666,0.6628,0.1318
36081000400,72773,146619,4692,0.6997,0.0955
36081000600,80366,129837,4379,0.7358,0.1646
36081000701,155154,250001,3044,0.3991,0.0274
36081000702,102250,99333,3660,0.4227,0.0537
36081000800,80577,108029,3312,0.6809,0.0806
36081001000,105022,93929,4845,0.6795,0.0807
36081001200,69545,103026,3816,0.5569,0.0411
36081001400,72413,121325,4166,0.781,0.0769
36081001600,82143,137833,2478,0.5964,0.0779
36081001800,101285,120417,3058,0.8168,0.1298
36081001901,197426,306010,1339,0.3479,0.0
36081001902,134911,246037,4143,0.3933,0.1007
36081001903,153235,153529,1525,0.25,0.1049
36081002000,84286,70250,1746,0.7638,0.1357
36081002200,66215,72202,2587,0.6918,0.1457
36081002400,48824,59063,2437,0.695,0.1892
36081002500,21065,45434,6046,0.0939,0.2868
36081002600,116516,151378,2149,0.8116,0.0698
36081002800,76628,66700,3442,0.5794,0.0883
36081003000,79833,123741,1702,0.7714,0.1072
36081003100,107679,136042,1189,0.4411,0.1229
36081003200,88000,179327,1690,0.692,0.3302
36081003301,143358,185125,2675,0.3134,0.0609
36081003302,48015,74423,1009,0.3486,0.2351
36081003400,72292,89464,2563,0.5929,0.2224
36081003600,75668,86524,3811,0.6439,0.1101
36081003800,95598,119554,2763,0.7367,0.13
36081003900,48468,75125,1363,0.5741,0.1519
36081004001,89565,140714,2231,0.7078,0.1255
36081004002,42040,65162,1839,0.7253,0.1533
36081004200,69886,104097,4187,0.7247,0.1426
36081004300,22689,35167,2069,0.3054,0.3535
36081004401,73444,113838,4238,0.7045,0.1895
36081004500,74141,109010,3145,0.5561,0.0541
36081004700,46600,68786,3932,0.1676,0.1297
36081005100,70313,52969,2294,0.428,0.0484
36081005200,66921,103727,2811,0.6639,0.1085
36081005300,96690,149869,5590,0.3415,0.0911
36081005400,79044,74519,6433,0.7275,0.0733
36081005500,90938,140953,1215,0.449,0.0741
36081005700,81250,102500,4461,0.2679,0.148
36081005800,83265,103173,6643,0.8796,0.0852
36081005900,80729,185769,3956,0.3684,0.1193
36081006100,100067,67279,5474,0.202,0.037
36081006201,61933,116103,5920,0.7869,0.0569
36081006202,66764,104688,6739,0.8392,0.1463
36081006300,105171,166250,5715,0.3456,0.1081
36081006501,101063,132946,3242,0.3403,0.0817
36081006502,82117,114091,3923,0.3676,0.2034
36081006900,123375,191231,3912,0.4383,0.1325
36081007100,103839,160950,3114,0.255,0.1069
36081007300,106060,250001,3862,0.25,0.0896
36081007500,86382,133892,4369,0.4032,0.0879
36081007700,98438,152578,2012,0.4123,0.166
36081007900,99129,52448,2649,0.5574,0.202
36081008100,81615,126503,1087,0.5231,0.0972
36081008300,76932,119244,2211,0.4562,0.0371
36081008500,81442,126235,1141,0.5496,0.1733
36081008600,64519,102031,2830,0.7729,0.1876
36081008700,17981,60972,3144,0.329,0.4308
36081008800,105485,143560,3922,0.87,0.105
36081009100,85197,132055,2170,0.6698,0.0866
36081009400,68813,64830,3195,0.614,0.2128
36081009500,91875,180938,2126,0.6137,0.0753
36081009600,97500,108906,3470,0.8451,0.098
36081009700,112083,143917,3997,0.6624,0.104
36081009800,91641,90469,2759,0.5911,0.0805
36081010000,108971,168905,4247,0.8424,0.0954
36081010100,95978,122303,2463,0.5935,0.0296
36081010200,92096,122273,2836,0.7088,0.126
36081010300,70742,71383,4397,0.4974,0.1528
36081010400,63000,101050,3450,0.7378,0.1472
36081010500,57483,89098,5073,0.5384,0.2178
36081010600,101709,84500,3774,0.791,0.062
36081010800,88636,92719,3377,0.682,0.2068
36081011000,85833,133041,3163,0.7145,0.1058
36081011100,99926,116625,3108,0.5904,0.1009
36081011200,67762,110909,2635,0.8414,0.0937
36081011300,107609,166793,4558,0.4489,0.0852
36081011400,76698,118881,1636,0.7983,0.11
36081011500,106058,133182,2498,0.4181,0.0444
36081011600,58516,90699,2123,0.7424,0.1771
36081011700,102926,138000,3850,0.5585,0.0992
36081011800,74052,87000,2650,0.8765,0.1045
36081011900,72670,89408,1516,0.4963,0.0778
36081012000,73969,163235,2308,0.6333,0.1178
36081012100,93750,179545,2041,0.6522,0.0671
36081012200,85357,132303,3520,0.7129,0.1441
36081012301,110433,134808,2960,0.6987,0.0851
36081012400,73958,84464,3381,0.5749,0.081
36081012500,92361,105313,1557,0.5423,0.0218
36081012601,77366,119917,2970,0.6604,0.044
36081012602,68242,66523,2781,0.772,0.1
36081012800,86607,134240,2281,0.7531,0.0703
36081013000,65106,100914,1861,0.5948,0.0688
36081013200,81061,125644,2031,0.677,0.127
36081013400,83542,150987,5536,0.5308,0.1069
36081013500,83162,250001,1172,0.7485,0.1075
36081013600,75750,74383,2044,0.5211,0.0533
36081013700,108015,132396,1880,0.5597,0.0138
36081013800,74083,114828,3819,0.683,0.1048
36081014000,94129,198906,3809,0.6275,0.0604
36081014100,86563,115096,1680,0.4858,0.0821
36081014201,67351,104394,4535,0.6906,0.1048
36081014202,67450,101739,2644,0.6672,0.2082
36081014300,76607,120694,3876,0.3584,0.121
36081014400,63906,104018,1810,0.5631,0.0862
36081014500,79609,93456,2585,0.5564,0.1485
36081014700,71815,108108,2863,0.4324,0.0577
36081014900,59781,92660,2152,0.2753,0.0818
36081015000,98636,170750,2435,0.9021,0.108
36081015100,73413,139773,2832,0.3932,0.1004
36081015200,71986,71250,2851,0.7327,0.103
36081015300,89453,152125,1884,0.4313,0.1157
36081015400,92813,121875,1961,0.6332,0.0843
36081015500,93942,85192,2219,0.4041,0.0347
36081015600,73877,99625,3037,0.7684,0.1465
36081015700,62571,96985,1313,0.3297,0.1089
36081015801,84600,71467,3673,0.8863,0.0702
36081015802,92760,73250,5126,0.7279,0.0573
36081015900,80000,67426,3250,0.2783,0.0975
36081016100,93802,145393,2589,0.5261,0.056
36081016300,30214,46831,3675,0.2481,0.1973
36081016400,92153,125298,3954,0.8507,0.1164
36081016600,61490,49261,4002,0.7402,0.0629
36081016800,101146,90313,3598,0.8758,0.1162
36081016900,77027,178632,5893,0.5183,0.0967
36081017000,81786,74844,2674,0.8159,0.0826
36081017200,71902,60417,2129,0.8621,0.0874
36081017400,82300,81417,2483,0.7986,0.0765
36081017600,58125,69338,2255,0.6889,0.1694
36081017800,68333,105916,2291,0.6314,0.0705
36081017901,61681,108828,1122,0.3055,0.3241
36081018000,76250,126375,1205,0.8394,0.1542
36081018101,74884,76277,4024,0.3719,0.1293
36081018102,83523,145192,3389,0.3112,0.0561
36081018200,69183,81304,2695,0.802,0.1846
36081018300,80529,124819,5673,0.4199,0.1358
36081018401,50446,92976,2158,0.5526,0.177
36081018402,82794,80938,2628,0.7679,0.1279
36081018501,63710,98750,3429,0.5024,0.1143
36081018502,98750,116667,3152,0.2589,0.0669
36081018600,74750,105139,2024,0.6872,0.1023
36081018700,73382,109575,2928,0.5512,0.0952
36081018800,91420,168750,1363,0.7935,0.0917
36081018900,80039,93056,3401,0.6404,0.0794
36081019000,75511,103125,2706,0.8467,0.112
36081019200,71938,177847,2225,0.8186,0.086
36081019400,84609,91007,3185,0.8535,0.0782
36081019600,78542,84583,3374,0.6086,0.1935
36081019800,84034,97115,2989,0.6864,0.0525
36081020200,96575,127500,1776,0.9463,0.0434
36081020400,56458,72917,2191,0.5452,0.1701
36081020500,61023,94585,1300,0.7493,0.0923
36081020600,72188,111891,1729,0.7229,0.1168
36081020800,72574,112489,3272,0.7855,0.0601
36081021200,60700,60313,2977,0.5618,0.2697
36081021400,55649,62616,6025,0.5404,0.2375
36081021601,92763,250001,2838,0.4965,0.0454
36081021602,65564,101624,1784,0.6492,0.2026
36081022001,76034,125746,6630,0.594,0.1434
36081022002,84783,250001,7406,0.7123,0.103
36081023000,100000,120234,1993,0.8732,0.0613
36081023200,81650,89048,5923,0.6314,0.0691
36081023501,54539,61719,4382,0.5814,0.0605
36081023502,60213,50735,2885,0.3734,0.1085
36081023600,66339,65517,3377,0.4619,0.134
36081023800,52679,55250,5278,0.3733,0.1915
36081024000,56887,44967,7150,0.4123,0.1542
36081024300,56563,103125,5203,0.7686,0.0509
36081024500,59078,113288,5095,0.585,0.0544
36081024700,66042,49773,1438,0.4334,0.1057
36081024900,68211,85555,4804,0.5182,0.1208
36081025100,88899,137793,6080,0.5259,0.0638
36081025301,65245,64219,4385,0.4169,0.0901
36081025302,67500,69896,3417,0.4159,0.1299
36081025401,78056,120986,4807,0.6865,0.1045
36081025402,39038,61664,6595,0.4444,0.1855
36081025500,82000,89444,1612,0.5273,0.0949
36081025700,76544,77143,1660,0.5961,0.1691
36081025800,83828,86250,2212,0.8221,0.1284
36081025900,66301,80938,3542,0.6064,0.0528
36081026000,78125,73750,2984,0.6024,0.0566
36081026100,67698,104931,7642,0.4415,0.0915
36081026200,73523,75375,1505,0.8392,0.1302
36081026300,75335,250001,5360,0.5278,0.0067
36081026400,71042,98274,2695,0.6889,0.157
36081026501,53289,80990,2936,0.4481,0.1645
36081026502,98140,98354,1220,0.2954,0.0352
36081026600,23542,36490,1817,0.3705,0.2976
36081026700,47364,52097,5488,0.2362,0.1273
36081026901,65145,100974,5089,0.2106,0.0939
36081026902,50061,58009,3868,0.3328,0.1713
36081027000,106797,134605,2232,0.7609,0.0395
36081027101,52090,60000,5389,0.3333,0.0863
36081027102,69775,108151,3425,0.326,0.1101
36081027200,77143,119571,2210,0.7367,0.0869
36081027301,44049,43659,3158,0.4088,0.2777
36081027302,46860,76488,4607,0.4682,0.172
36081027400,55429,59215,1934,0.8095,0.2389
36081027500,47383,58073,6759,0.4695,0.1954
36081027600,69875,108306,1593,0.7897,0.1318
36081027701,57616,53661,3704,0.275,0.1817
36081027702,67171,105216,4132,0.5106,0.072
36081027800,46154,58867,2539,0.4705,0.319
36081027900,67381,180349,7403,0.4733,0.0875
36081028000,52083,80728,1460,0.7949,0.0945
36081028100,67072,154213,6085,0.4833,0.1602
36081028200,55197,120417,2116,0.5302,0.0874
36081028300,71484,100679,7721,0.3778,0.1171
36081028400,92500,108611,4333,0.8344,0.0392
36081028500,83212,128978,5036,0.4526,0.1042
36081028700,68213,105730,7003,0.2974,0.1961
36081028801,78672,108667,2830,0.7459,0.0216
36081028802,86648,121071,2195,0.8669,0.138
36081028900,76424,118457,5631,0.4578,0.07
36081029100,58226,45167,6262,0.406,0.0988
36081029300,66458,65625,1234,0.7296,0.0535
36081029400,92992,136416,7340,0.6506,0.0691
36081029500,78185,97308,3962,0.5056,0.0655
36081029700,76316,59400,1925,0.6877,0.0649
36081030600,86858,137793,4918,0.9068,0.0722
36081030903,77269,93214,5083,0.7004,0.0594
36081030904,58500,99605,2691,0.643,0.1182
36081030905,88077,142670,2860,0.6726,0.0522
36081030906,64799,100438,3334,0.6182,0.1433
36081031700,70400,97368,5359,0.7493,0.0453
36081032000,76875,95952,5220,0.8487,0.1776
36081032700,55395,77976,3449,0.6652,0.1695
36081032800,79401,123071,2888,0.8433,0.0863
36081032900,53603,105081,3253,0.7832,0.1269
36081033000,89685,116206,7612,0.8415,0.0589
36081033401,79097,113167,4065,0.8348,0.0999
36081033403,47813,74110,4630,0.4142,0.1324
36081033404,40758,63174,5527,0.6795,0.1437
36081033405,64965,100695,2675,0.7579,0.0422
36081033700,108638,168388,2359,0.6662,0.0166
36081033900,57342,88880,2773,0.6664,0.1983
36081034700,61410,81083,2923,0.7032,0.1335
36081035100,66151,102534,3653,0.5341,0.1385
36081035200,97417,130399,2949,0.7897,0.1242
36081035300,97813,151610,2224,0.6739,0.1771
36081035700,82604,105357,4037,0.8513,0.1325
36081035800,104125,118932,4887,0.763,0.0537
36081036100,67225,99000,2141,0.652,0.0634
36081036300,67708,93333,2003,0.5265,0.1109
36081036500,62841,75795,2697,0.5077,0.2139
36081036600,71500,154567,2878,0.7721,0.0939
36081036700,50855,140045,2157,0.6571,0.1536
36081036800,86293,140833,2692,0.8038,0.0713
36081037100,64433,128824,1289,0.9118,0.0683
36081037300,61042,75500,2293,0.64,0.1335
36081037501,58179,49800,1600,0.3866,0.1713
36081037502,61673,95593,2710,0.4763,0.1275
36081037600,108902,133702,6794,0.7819,0.0752
36081037700,75781,117460,4141,0.4492,0.1269
36081037900,70131,70878,7012,0.3251,0.198
36081038100,71721,90288,7058,0.6507,0.1334
36081038400,92118,91191,2490,0.916,0.1009
36081039400,98083,105375,3180,0.7674,0.1853
36081039800,113194,155114,1792,0.8343,0.0815
36081039901,87369,135421,2560,0.699,0.0178
36081039902,51118,79232,1700,0.3298,0.3032
36081040000,107188,152589,1704,0.8244,0.0514
36081040101,54424,84357,3159,0.5181,0.101
36081040102,65954,65550,5172,0.3804,0.1806
36081040200,120833,187291,1706,0.8927,0.0774
36081040301,32339,31407,3141,0.3217,0.1175
36081040302,70192,108797,4401,0.4463,0.1197
36081040400,60625,134896,4343,0.6926,0.105
36081040502,82011,66442,2301,0.4303,0.1278
36081040701,73608,80685,3881,0.3876,0.2145
36081040702,91806,87159,4793,0.4733,0.1141
36081040902,57763,76548,3640,0.2007,0.1501
36081041100,62870,57000,4376,0.3451,0.2222
36081041300,64565,70357,5070,0.4509,0.2325
36081041400,81871,87273,4882,0.7514,0.2194
36081041500,59978,60057,4787,0.5325,0.1274
36081042400,72750,112762,2491,0.858,0.0627
36081042700,48778,54429,4859,0.4901,0.3008
36081043200,93269,124500,1339,0.9524,0.0158
36081043400,91726,138424,1852,0.743,0.0637
36081043701,58625,93083,3229,0.5928,0.2026
36081043702,55573,56393,8641,0.4707,0.1542
36081043900,44886,39850,3377,0.4642,0.2326
36081044000,72781,112810,4503,0.762,0.1088
36081044301,30425,56500,3658,0.2861,0.2945
36081044302,55667,71875,4272,0.3841,0.0985
36081044400,49911,53250,4405,0.4272,0.2293
36081044601,51585,71680,3835,0.4052,0.0746
36081044602,40292,35188,5466,0.3517,0.3005
36081044800,56182,105395,2976,0.5481,0.2396
36081045000,128472,89886,2272,0.6195,0.0634
36081045200,80417,81250,1178,0.8814,0.1147
36081045400,53777,60476,5252,0.636,0.1955
36081045500,62368,90338,13798,0.4025,0.2474
36081045600,78875,143659,1369,0.9363,0.1417
36081045700,65121,78015,3849,0.4773,0.119
36081045800,67639,75461,2420,0.6671,0.0537
36081045900,74871,130438,4357,0.5387,0.0588
36081046000,58234,65299,6043,0.4675,0.0771
36081046100,68047,61771,2429,0.4165,0.0758
36081046200,54489,98984,6099,0.4776,0.0841
36081046300,57518,59909,3791,0.3302,0.0844
36081046400,100781,52351,2142,0.7822,0.1002
36081046500,74205,59261,4618,0.3555,0.0938
36081046600,63496,55568,4631,0.5937,0.1468
36081046700,61215,61278,6202,0.4246,0.03
36081046800,74669,106620,3801,0.5802,0.1463
36081046901,62583,74119,4961,0.4617,0.0895
36081046902,69417,108656,4194,0.2634,0.1226
36081047000,50000,101000,3637,0.6079,0.1937
36081047100,47067,50536,4486,0.4314,0.1019
36081047200,100475,155736,3945,0.6873,0.0462
36081047300,62799,65521,4383,0.4549,0.0557
36081047500,74769,99113,5178,0.5142,0.1101
36081047600,101928,203942,1496,0.9392,0.0655
36081047801,37427,58011,3794,0.6695,0.1873
36081047802,87066,134952,1186,0.6658,0.059
36081047900,68179,50455,5829,0.6397,0.1517
36081048000,86450,61200,2512,0.8907,0.047
36081048100,64091,68906,7140,0.3497,0.0731
36081048200,68942,113542,1414,0.8259,0.0855
36081048301,60298,54286,2105,0.5021,0.1919
36081048302,78592,64049,2300,0.5696,0.0809
36081048400,75106,155426,4806,0.8341,0.0323
36081048500,62434,69554,4255,0.5957,0.1025
36081048900,62000,71118,1609,0.5375,0.156
36081049201,74583,115603,3325,0.6743,0.0512
36081049202,95919,119219,2532,0.8764,0.1801
36081049301,68125,140050,2467,0.8465,0.1848
36081049302,65735,119125,2992,0.7068,0.1538
36081049500,104107,137679,1713,0.9044,0.0784
36081049600,93209,119861,3451,0.8804,0.0948
36081049700,63700,64833,2883,0.8043,0.0486
36081049900,65270,73611,5705,0.6735,0.095
36081050000,65698,97896,4850,0.5363,0.1086
36081050201,79342,78935,1645,0.8815,0.1088
36081050202,69398,101625,1301,0.8407,0.1384
36081050400,102885,144196,1775,0.8582,0.0785
36081050500,79375,78920,1895,0.8571,0.0987
36081050600,118542,226083,1538,0.8499,0.0819
36081050700,80833,139350,3717,0.8217,0.0866
36081050800,66471,114896,2032,0.6437,0.1187
36081051000,76250,181974,1945,0.819,0.1902
36081051100,109310,118438,2562,0.761,0.0886
36081051200,87917,120441,2724,0.8433,0.0596
36081051300,103304,93276,2843,0.8821,0.1453
36081051500,94289,140299,3565,0.7966,0.0241
36081051600,99643,154446,2186,0.7651,0.1295
36081051700,98015,153250,1816,0.7511,0.0688
36081051800,105329,97031,2602,0.861,0.0527
36081052000,75625,107574,1457,0.7604,0.0564
36081052100,108194,151685,2059,0.7353,0.0899
36081052200,95000,111667,1965,0.916,0.1237
36081052400,109477,111000,2309,0.8379,0.1438
36081052500,66667,185375,2647,0.8542,0.0778
36081052600,78696,139792,2393,0.7156,0.0528
36081052800,78387,111083,1543,0.8609,0.0693
36081053000,117333,166000,2662,0.809,0.0169
36081053100,65040,112731,3638,0.7141,0.0673
36081053200,72500,126250,2245,0.8223,0.0525
36081053401,106833,158438,2048,0.8255,0.0244
36081053501,71793,92266,1372,0.499,0.1376
36081053800,103250,160037,1656,0.8621,0.125
36081053901,83172,136979,4427,0.519,0.0719
36081053902,137171,212615,170,0.7397,0.0
36081054000,72212,130855,4214,0.7111,0.0841
36081054200,82406,116000,5999,0.7094,0.0656
36081054500,55694,84464,4061,0.4847,0.161
36081054700,87895,136237,5163,0.5171,0.0938
36081054800,90208,104375,2635,0.889,0.0915
36081054900,82727,119063,6139,0.3529,0.1098
36081055100,66250,68869,4466,0.2871,0.1744
36081055200,75511,94306,3016,0.6971,0.051
36081055300,77679,120402,3114,0.4082,0.1159
36081055400,84750,89167,2786,0.8201,0.1084
36081055500,81000,115556,2430,0.5497,0.1325
36081055600,111860,101875,2580,0.867,0.0585
36081055700,81701,89709,4289,0.4676,0.0975
36081055800,88021,228750,1999,0.8832,0.056
36081055900,71324,70507,1149,0.2746,0.148
36081056000,80179,148000,1791,0.8575,0.0302
36081056200,87344,106938,1573,0.9284,0.054
36081056400,69464,177868,1216,0.7785,0.0395
36081056500,98750,97788,1739,0.6365,0.0661
36081056600,65625,116750,1454,0.6563,0.2469
36081056700,103045,159719,5430,0.8627,0.0203
36081056800,99339,81844,5310,0.7566,0.0247
36081057700,74500,155486,3641,0.6311,0.1088
36081057900,65370,155833,1591,0.6293,0.1037
36081058000,99648,154408,4407,0.9005,0.0541
36081058100,64896,100588,3264,0.6227,0.08
36081058200,109527,140313,5440,0.9009,0.0264
36081058300,82772,101477,3718,0.5329,0.0589
36081058500,72950,67355,4737,0.5451,0.1009
36081058700,91301,109630,3532,0.5789,0.0719
36081058900,62403,143000,5053,0.3168,0.2027
36081059000,95625,78550,1401,0.9113,0.0621
36081059100,68364,148824,5735,0.495,0.1351
36081059200,111667,106413,1624,0.7833,0.125
36081059300,73693,100272,4274,0.5943,0.1764
36081059400,126774,143750,1871,0.9213,0.0048
36081059501,91053,117500,1929,0.5741,0.21
36081059502,71801,111291,3130,0.6776,0.1322
36081059600,69107,130865,1531,0.8629,0.0503
36081059800,93808,123438,1882,0.8416,0.0557
36081059900,77222,119694,1231,0.7131,0.1852
36081060000,107946,129375,1118,0.8712,0.0617
36081060100,96953,135667,2512,0.7668,0.1346
36081060300,90074,139614,2050,0.7692,0.1626
36081060800,101042,140446,1536,0.8246,0.0592
36081061000,97813,151610,1528,0.9229,0.0295
36081061200,126638,127566,2204,0.9121,0.01
36081061301,66835,76350,5877,0.513,0.1171
36081061400,132633,243315,1493,0.8782,0.0543
36081061601,99583,132857,2735,0.829,0.0501
36081061602,111089,168068,1111,0.8774,0.0351
36081061800,92670,143077,1886,0.7145,0.0306
36081061900,100861,93547,3657,0.7061,0.099
36081062000,103417,160296,1607,0.8493,0.0629
36081062100,83773,84891,2938,0.8961,0.0578
36081062200,124236,184107,2195,0.9008,0.049
36081062300,68869,128750,2210,0.6434,0.1376
36081062500,80625,100167,2388,0.752,0.0724
36081062600,107946,167316,3106,0.8884,0.0852
36081062700,66042,146375,2861,0.6945,0.028
36081062900,86309,104083,3494,0.6461,0.0435
36081063000,110583,208917,1629,0.9573,0.0289
36081063200,111667,149196,2596,0.8227,0.0294
36081063301,83750,129812,1562,0.8415,0.0365
36081063302,105417,163396,1857,0.8336,0.0186
36081063500,74029,130125,2617,0.8181,0.1458
36081063700,91655,106737,3672,0.885,0.1789
36081063800,108417,102284,3487,0.8949,0.0892
36081063900,75729,117379,3195,0.8155,0.0776
36081064101,78403,105500,2537,0.8122,0.0403
36081064500,87632,250001,2001,0.6689,0.1636
36081064600,104063,153393,3528,0.8097,0.0426
36081065000,112411,204432,2915,0.9388,0.0663
36081065401,100313,101989,3867,0.8332,0.0345
36081065600,97850,173104,4754,0.7264,0.0719
36081065702,74511,151071,1376,0.6467,0.0689
36081065703,103288,140268,3057,0.824,0.0461
36081065900,106304,126607,2066,0.8497,0.0247
36081066000,69583,98958,3365,0.8453,0.0384
36081066100,102411,181458,1689,0.8263,0.0178
36081066301,116848,185795,2940,0.7799,0.0153
36081066401,161250,249937,2029,0.9133,0.0296
36081066402,101365,133851,2593,0.8722,0.0243
36081066403,88317,88029,5963,0.8306,0.2192
36081066501,77453,145735,4333,0.7853,0.0639
36081066701,113125,138917,2894,0.6216,0.161
36081066900,90078,91406,1625,0.8723,0.0412
36081067100,104839,157750,2684,0.8332,0.0525
36081067700,105583,192411,1934,0.8452,0.0517
36081067900,62266,68992,4812,0.5945,0.0939
36081068000,114327,133705,5726,0.8908,0.0676
36081068200,93631,127583,1141,0.9205,0.0308
36081068300,59107,82903,4332,0.3538,0.1166
36081068700,56855,111250,4354,0.4442,0.0652
36081069000,108897,126477,4213,0.8566,0.04
36081069300,75119,116434,3119,0.5708,0.0574
36081069400,93675,151538,3607,0.8133,0.0894
36081069500,100903,112115,2381,0.6798,0.1699
36081069701,93032,156619,4299,0.5324,0.1044
36081069702,79433,123121,4351,0.7737,0.0965
36081070300,85805,112500,2045,0.763,0.0944
36081070700,110052,174115,2755,0.8581,0.0251
36081070900,105167,211420,3161,0.6708,0.0573
36081071100,87682,147702,6133,0.5938,0.0309
36081071303,89412,118171,5854,0.4388,0.0504
36081071304,88549,193015,6275,0.4122,0.148
36081071305,100685,137804,5108,0.4406,0.0525
36081071306,86686,107669,7482,0.3799,0.095
36081071701,61426,95210,5438,0.4314,0.162
36081071702,79292,170345,4287,0.4475,0.1666
36081071900,49674,68094,2911,0.5417,0.1371
36081072100,76318,151369,4781,0.4312,0.1141
36081072300,171250,250001,2189,0.8976,0.0559
36081072900,151932,250001,1471,0.899,0.0438
36081073100,145529,206477,1658,0.8409,0.0115
36081073700,106023,217857,2233,0.4629,0.0627
36081073900,109276,180809,5597,0.5569,0.0299
36081074100,83214,178897,3131,0.5755,0.056
36081074300,76875,91094,4423,0.6422,0.0569
36081074500,46659,84034,3814,0.4257,0.1573
36081074700,109240,117273,3540,0.7691,0.078
36081074900,211020,212401,1412,0.9583,0.0205
36081075701,99954,199821,4877,0.5336,0.0297
36081075702,123170,199426,5866,0.6392,0.0639
36081076901,97097,250001,4672,0.4252,0.04
36081076902,98438,131806,1168,0.4249,0.0531
36081077300,99444,161786,2136,0.5093,0.0435
36081077500,90781,79583,2201,0.661,0.0645
36081077902,92214,142931,5062,0.728,0.1201
36081077903,84318,130692,3418,0.7678,0.0688
36081077904,103542,192188,6281,0.8088,0.0403
36081077905,93579,123921,2851,0.762,0.0831
36081077906,70096,181625,3655,0.6505,0.0681
36081077907,49857,107770,3521,0.7094,0.2042
36081077908,53362,82711,3267,0.6614,0.2994
36081078800,110833,108875,2082,0.9213,0.047
36081079000,81573,128958,2745,0.7838,0.0903
36081079200,68871,66250,2675,0.8488,0.0579
36081079701,41944,40288,6505,0.4082,0.2719
36081079702,54096,44936,4026,0.5089,0.2707
36081079900,46273,21412,3401,0.6635,0.3908
36081080301,50033,63839,3441,0.7123,0.0706
36081080302,71760,243322,3567,0.8248,0.0841
36081080900,73946,170982,7434,0.7333,0.1362
36081081400,125343,126667,4971,0.8226,0.1046
36081081800,88068,119183,4239,0.7554,0.0986
36081083700,56356,48864,5531,0.7588,0.0834
36081083800,84481,106683,5904,0.8693,0.0681
36081084000,106325,105388,7216,0.7846,0.0807
36081084500,32285,70417,4984,0.3628,0.253
36081084601,94414,158750,3081,0.9195,0.0444
36081084602,73036,113205,1201,1.0,0.1466
36081084901,48191,49415,2400,0.4463,0.2217
36081084902,48409,75033,4086,0.3008,0.3446
36081085300,32404,73198,5742,0.2977,0.1764
36081085500,38567,47586,7041,0.2715,0.1258
36081085700,47609,49130,5033,0.3282,0.1885
36081085900,53821,102513,5465,0.3624,0.2101
36081086100,52019,64271,2282,0.5175,0.2732
36081086300,41716,78030,6807,0.462,0.2086
36081086400,106612,136042,2827,0.8906,0.1588
36081086500,40777,63204,4333,0.2167,0.1482
36081086900,41645,64549,1693,0.4511,0.1548
36081087100,39261,67841,3589,0.2893,0.2025
36081088400,97830,163304,9187,0.883,0.0551
36081088902,50307,77975,5580,0.4023,0.1658
36081088903,73060,142125,5266,0.8391,0.1535
36081089201,132739,214096,9069,0.9687,0.0594
36081090700,83917,83850,1590,0.8577,0.1809
36081091603,113047,206512,3782,0.8967,0.0391
36081091900,88466,74375,5776,0.77,0.1067
36081092200,163500,250001,2273,0.9401,0.0383
36081092500,50234,60859,3611,0.6641,0.2676
36081092800,138452,169688,3925,0.9563,0.0423
36081092900,74122,85344,7750,0.9332,0.0521
36081093401,92847,142361,4094,0.8449,0.1344
36081093402,98636,188657,4378,0.7056,0.1047
36081093800,60917,94421,5289,0.7127,0.1939
36081093900,83929,86944,6245,0.892,0.0601
36081094201,70236,108865,3343,0.6892,0.2478
36081094202,51098,54160,6057,0.6232,0.2224
36081094203,55231,115956,6701,0.6283,0.1273
36081094500,70840,103173,4081,0.8795,0.1098
36081094700,73487,87292,2324,0.7353,0.102
36081095400,75781,64492,6823,0.7184,0.1451
36081096400,83438,120045,7271,0.801,0.1656
36081097202,33051,51229,3689,0.2211,0.3582
36081097204,56586,136000,4094,0.5638,0.0928
36081097205,27790,43074,3645,0.4048,0.4631
36081097206,32060,26722,2923,0.2527,0.3801
36081097300,108162,151250,2347,0.9144,0.0457
36081098100,95694,105060,2273,0.9285,0.1237
36081098700,92500,161500,2806,0.8632,0.1112
36081099100,106250,164687,7812,0.8929,0.058
36081099200,31258,173159,4402,0.4837,0.3697
36081099701,105069,129226,2880,0.8766,0.0884
36081099703,104634,183194,3990,0.8479,0.0229
36081099704,82873,101667,7453,0.7975,0.0758
36081099705,130833,221458,2698,0.9382,0.0423
36081099801,68370,97708,9308,0.6614,0.0752
36081099802,53591,98077,6489,0.4154,0.2584
36081100801,119674,101198,3042,0.883,0.0552
36081100803,44146,68426,4081,0.5504,0.2081
36081100804,109878,111379,4952,0.8989,0.0652
36081101002,38395,238750,5393,0.5918,0.1735
36081101004,43168,66910,7499,0.503,0.1751
36081101700,80000,168177,6724,0.87,0.0726
36081102900,91000,188266,3931,0.9228,0.0483
36081103201,42857,34734,7226,0.4828,0.3361
36081103202,72279,92303,8397,0.6911,0.1496
36081103300,90457,150972,4784,0.8591,0.0694
36081103900,67023,62059,7132,0.898,0.1067
36081104700,59973,97917,7009,0.8106,0.1204
36081105900,105721,77679,3948,0.8946,0.0286
36081107201,91029,168625,2429,0.9275,0.1174
36081108500,60761,128594,2584,0.9011,0.0295
36081109300,127104,203281,3123,0.9605,0.1209
36081109700,103958,95288,1726,0.8331,0.0193
36081109900,88393,156875,3471,0.8943,0.0452
36081111300,105263,158850,2636,0.9747,0.1051
36081112300,107500,166625,2226,0.9096,0.1159
36081112900,87188,87682,2327,0.8907,0.0365
36081113300,108500,195625,1416,0.9407,0.0381
36081113900,66081,143750,3997,0.8708,0.1181
36081114100,106705,98500,2491,0.9443,0.0334
36081114700,87781,110000,1910,0.9434,0.0497
36081115100,81563,106375,839,0.8843,0.0181
36081115500,79519,153182,2384,0.752,0.1187
36081115700,59722,92458,3221,0.68,0.1431
36081115900,67981,120353,4209,0.6093,0.1468
36081116100,29832,46239,3867,0.4346,0.2768
36081116301,30642,47495,4771,0.5165,0.2609
36081116302,60916,94419,4036,0.551,0.2666
36081116700,53482,60750,2083,0.6215,0.2641
36081117100,61154,59880,2510,0.6931,0.157
36081117500,82545,116713,4541,0.7313,0.0832
36081118100,78625,69063,1734,0.781,0.1113
36081118500,50000,77500,1930,0.6601,0.0938
36081118700,51250,86845,2497,0.635,0.1438
36081118900,46426,41318,1857,0.6117,0.1357
36081119100,37886,109444,2944,0.7922,0.1816
36081119300,46864,72639,2058,0.7772,0.1156
36081119500,89583,88000,1559,0.9262,0.0738
36081119900,100000,153125,1618,0.9719,0.1471
36081120100,65156,85433,1416,0.6675,0.1504
36081120300,56250,163547,1684,0.5978,0.1508
36081120500,25292,39202,2748,0.3773,0.2513
36081120701,94196,97014,3191,0.9546,0.0552
36081121500,88771,116759,4804,0.8036,0.1343
36081122300,84130,84075,3152,0.9055,0.0768
36081122702,32378,50185,6454,0.4138,0.2935
36081122703,71742,81415,7738,0.8332,0.0517
36081122704,60625,93968,4590,0.5079,0.0514
36081124100,81250,84531,3978,0.7619,0.1055
36081124700,74922,116129,3668,0.853,0.1032
36081125700,71852,111370,3418,0.8064,0.1449
36081126500,123906,165948,1843,0.826,0.0635
36081126700,78750,122062,4821,0.9184,0.3041
36081127700,127730,128201,3331,0.9835,0.0073
36081129102,122123,127173,4083,0.9732,0.0536
36081129103,69964,131700,4477,0.8011,0.1351
36081129104,96711,139970,4384,0.9106,0.0536
36081130100,87083,82069,4075,0.8407,0.0434
36081133300,118562,143558,4115,0.9758,0.0321
36081133900,125063,193847,1310,0.9222,0.1634
36081134100,80964,125494,3508,0.935,0.0519
36081134701,74518,115502,5313,0.7619,0.1455
36081134702,78618,64459,4726,0.862,0.1113
36081136700,86470,97880,6585,0.8586,0.091
36081137700,90238,121447,7882,0.8436,0.0578
36081138501,92654,113553,4515,0.9158,0.0618
36081139900,127431,161964,1662,0.9365,0.0634
36081140300,69531,169063,2729,0.9175,0.0773
36081140901,103500,160425,1261,0.9069,0.0367
36081140902,83081,148990,2647,0.9207,0.0944
36081141700,67298,119770,5017,0.9108,0.2013
36081142900,72979,114783,4086,0.8663,0.0198
36081143500,109732,172857,2553,0.8999,0.049
36081144100,105456,163456,3172,0.9249,0.1155
36081144700,80469,86875,3436,0.856,0.1907
36081145101,72045,92885,1037,0.7901,0.1051
36081145102,70582,109375,2748,0.7998,0.0811
36081145900,92167,146863,2854,0.8916,0.0467
36081146300,74370,115273,2951,0.8711,0.0789
36081146700,104167,161458,2828,0.8363,0.0633
36081147100,91094,141195,3322,0.9201,0.0933
36081147900,78958,181310,4649,0.8106,0.1106
36081148300,118345,132188,2960,0.8969,0.0459
36081150701,150284,204583,3295,0.9277,0.014
36081150702,96336,107111,3184,0.8282,0.0338
36081152901,72967,68802,6291,0.8767,0.1351
36081152902,105207,162566,6168,0.9938,0.0462
36081155101,60800,94240,2075,0.655,0.1258
36081155103,96375,149381,4986,0.9112,0.0655
36081155104,129167,200208,3867,0.7801,0.068
36081156700,61406,133125,1652,0.716,0.3485
36081157101,102525,152672,8902,0.8555,0.0439
36081157102,111250,55278,2297,0.9103,0.0909
36081157901,111391,175570,5825,0.9124,0.143
36081157902,88355,118364,4218,0.9026,0.0312
36081157903,108387,135451,4378,0.9697,0.0208
36081161700,123728,106667,5155,0.9057,0.0929
36081162100,88086,124688,6244,0.9214,0.0551
36085000300,66938,51250,2187,0.6145,0.1717
36085000700,53615,118842,4578,0.4747,0.1861
36085000800,83697,95000,5751,0.8744,0.0831
36085000900,63542,77965,1924,0.6108,0.1138
36085001100,49539,76785,3106,0.5408,0.2762
36085001700,55323,85750,1543,0.7027,0.2132
36085001800,78295,86250,525,1.0,0.0
36085002001,68586,106308,2883,0.7618,0.0985
36085002002,80764,215461,3143,0.8228,0.0563
36085002100,61500,95325,4854,0.6663,0.2335
36085002700,30188,49167,1843,0.6378,0.5398
36085002900,41111,90250,4956,0.4138,0.3436
36085003300,99750,109208,3758,0.8368,0.0592
36085003600,105714,149875,3189,0.9197,0.0458
36085003900,85221,124028,2319,0.8018,0.0673
36085004001,52204,80916,3159,0.9233,0.0552
36085004002,115632,210625,2395,0.9507,0.0
36085004003,13855,120485,2961,0.3664,0.5096
36085004004,84732,131334,4361,0.7714,0.1178
36085004700,101196,171136,3158,0.8616,0.0753
36085005000,75833,177917,4624,0.8795,0.1328
36085005901,77238,156083,3316,0.864,0.0353
36085006400,61154,94788,3480,0.7334,0.1986
36085006700,129722,227992,2737,0.9076,0.0759
36085007001,67679,116636,3180,0.9078,0.0742
36085007002,85380,132083,6761,0.8639,0.1082
36085007400,68264,98021,4998,0.7428,0.1303
36085007500,99324,141471,4269,0.8554,0.1901
36085007700,80761,80870,1646,0.7839,0.1974
36085008100,55694,201313,4622,0.5799,0.1501
36085009601,101625,115344,4673,0.8892,0.0741
36085009602,76484,185714,3353,0.8899,0.0458
36085009701,106075,69500,4288,0.8181,0.0354
36085010500,86250,106645,4545,0.7464,0.1285
36085011201,95586,168482,5846,0.9118,0.0306
36085011203,75071,100543,6622,0.8676,0.0944
36085011204,155270,240668,260,0.2273,0.1769
36085011401,75284,88538,3273,0.649,0.1882
36085011402,88781,103667,3532,0.839,0.0546
36085012100,149750,165781,3076,0.9369,0.0166
36085012200,93777,145354,3976,0.8488,0.0081
36085012500,111434,147596,3020,0.7953,0.1288
36085012804,84706,101339,4574,0.7912,0.0677
36085012805,114591,146827,2370,0.9712,0.0965
36085012806,56345,115461,5595,0.6862,0.0978
36085013201,120872,129904,1417,0.9444,0.0508
36085013203,116755,181538,6684,0.9228,0.0762
36085013204,97752,147000,5246,0.9284,0.0799
36085013301,16250,25187,1091,0.1012,0.5438
36085013302,93929,111435,3846,0.8253,0.2598
36085013400,79412,129150,4225,0.9316,0.2613
36085013800,132261,182337,6705,0.8969,0.0365
36085014100,59825,105147,2463,0.8607,0.2261
36085014604,125750,205400,7392,0.8929,0.0185
36085014605,120351,141442,4043,0.9264,0.0502
36085014606,92012,146346,5732,0.9394,0.0464
36085014607,109427,152885,4841,0.9321,0.0983
36085014608,114205,169148,3304,0.8896,0.0726
36085014700,103646,116534,3288,0.8799,0.0237
36085015100,104191,134706,6017,0.9453,0.0422
36085015601,125774,147386,6262,0.934,0.0291
36085015602,123291,135924,3533,0.9334,0.0996
36085015603,74656,117679,4903,0.896,0.0985
36085016901,136506,186595,3870,0.877,0.0457
36085017005,101509,156168,4873,0.9113,0.0435
36085017007,93634,106389,6457,0.9636,0.076
36085017009,91641,169643,5186,0.9759,0.0256
36085017011,119352,152703,4920,0.9394,0.0849
36085017012,103068,158938,4364,0.906,0.0713
36085017013,81611,136400,4158,0.9362,0.0471
36085017014,97692,150987,4377,0.9473,0.0288
36085017015,126588,222985,2940,0.9463,0.0146
36085017016,113068,147979,4758,0.909,0.0336
36085017300,39974,111000,2372,0.6548,0.1391
36085017600,160870,187328,4963,0.9303,0.0385
36085017701,144375,177193,3556,0.8486,0.0169
36085017702,101608,131313,2331,0.95,0.0626
36085018100,91592,218250,3268,0.7994,0.0735
36085018701,122148,131250,1931,0.9437,0.0971
36085018703,80778,76250,4794,0.7968,0.095
36085018704,112091,188281,3770,0.8763,0.0688
36085018901,133946,207616,5216,0.8844,0.0217
36085018902,102219,133643,6277,0.9576,0.1936
36085019700,89868,116250,1840,0.9496,0.0837
36085019800,88013,135382,7733,0.9424,0.0895
36085020100,104750,200029,3777,0.8919,0.1433
36085020701,63750,98812,3168,0.791,0.1966
36085020702,28523,44210,2311,0.4888,0.4115
36085020803,133630,198098,8451,0.9746,0.1088
36085020804,92500,138692,6055,0.9386,0.0335
36085020805,116765,107500,6446,0.955,0.0309
36085020806,79744,198500,2514,0.8576,0.0637
36085021300,74141,132800,5027,0.8222,0.165
36085022300,56696,120313,2765,0.7974,0.2043
36085022601,126364,168523,6946,0.9459,0.0415
36085023100,80234,119432,5259,0.8305,0.111
36085023900,74837,88438,3729,0.8155,0.1536
36085024401,118592,183817,5704,0.8971,0.0412
36085024402,117019,193750,5028,0.9339,0.0267
36085024700,74263,131786,2886,0.7468,0.1268
36085024800,125446,126094,4864,0.9837,0.0552
36085025100,112244,154628,6002,0.943,0.0203
36085027301,87303,125938,4034,0.9178,0.083
36085027302,81083,148949,4158,0.9192,0.1688
36085027702,82721,152188,6540,0.8444,0.1213
36085027704,79575,147976,4832,0.8679,0.1265
36085027705,95231,108508,6401,0.9311,0.0926
36085027706,73322,113649,3625,0.8596,0.1908
36085027900,128750,195500,2288,0.9277,0.0612
36085029102,89286,138393,3322,0.948,0.1054
36085029104,104904,175809,6819,0.9263,0.067
36085029105,97279,109375,4593,0.9414,0.0718
36085029106,127671,184135,3529,0.9638,0.0615
36085030301,95913,143026,5628,0.8888,0.0304
36085030302,85842,92011,6663,0.8821,0.1861
36085031902,76066,175025,5298,0.6431,0.2341
36085032300,86471,250001,1105,0.769,0.0706
