GEOID,TCoL_2021,TCoL_2023,TCoL_mapping
36061000201,130802,151723,S_Manhattan
36061000600,130802,151723,S_Manhattan
36061001401,130802,151723,S_Manhattan
36061001402,130802,151723,S_Manhattan
36061001800,130802,151723,S_Manhattan
36061002201,130802,151723,S_Manhattan
36061002601,130802,151723,S_Manhattan
36061002602,130802,151723,S_Manhattan
36061002800,130802,151723,S_Manhattan
36061003100,130802,151723,S_Manhattan
36061003200,130802,151723,S_Manhattan
36061003300,130802,151723,S_Manhattan
36061003400,130802,151723,S_Manhattan
36061003601,130802,151723,S_Manhattan
36061003602,130802,151723,S_Manhattan
36061003700,130802,151723,S_Manhattan
36061003900,130802,151723,S_Manhattan
36061004001,130802,151723,S_Manhattan
36061004002,130802,151723,S_Manhattan
36061004100,130802,151723,S_Manhattan
36061004300,130802,151723,S_Manhattan
36061004500,130802,151723,S_Manhattan
36061005200,130802,151723,S_Manhattan
36061005400,130802,151723,S_Manhattan
36061005501,130802,151723,S_Manhattan
36061005502,130802,151723,S_Manhattan
36061005800,130802,151723,S_Manhattan
36061006300,130802,151723,S_Manhattan
36061006500,130802,151723,S_Manhattan
36061006700,130802,151723,S_Manhattan
36061006800,130802,151723,S_Manhattan
36061006900,130802,151723,S_Manhattan
36061007001,130802,151723,S_Manhattan
36061007001,130802,151723,S_Manhattan
36061007001,130802,151723,S_Manhattan
36061007001,130802,151723,S_Manhattan
36061007001,130802,151723,S_Manhattan
36061007001,130802,151723,S_Manhattan
36061007001,130802,151723,S_Manhattan
36061007001,130802,151723,S_Manhattan
36061007002,130802,151723,S_Manhattan
36061007002,130802,151723,S_Manhattan
36061007002,130802,151723,S_Manhattan
36061007002,130802,151723,S_Manhattan
36061007002,130802,151723,S_Manhattan
36061007002,130802,151723,S_Manhattan
36061007002,130802,151723,S_Manhattan
36061007002,130802,151723,S_Manhattan
36061007100,130802,151723,S_Manhattan
36061007200,130802,151723,S_Manhattan
36061007300,130802,151723,S_Manhattan
36061007500,130802,151723,S_Manhattan
36061007600,130802,151723,S_Manhattan
36061007700,130802,151723,S_Manhattan
36061007800,130802,151723,S_Manhattan
36061008000,130802,151723,S_Manhattan
36061008100,130802,151723,S_Manhattan
36061008200,130802,151723,S_Manhattan
36061008300,130802,151723,S_Manhattan
36061008400,130802,151723,S_Manhattan
36061008700,130802,151723,S_Manhattan
36061008900,130802,151723,S_Manhattan
36061009100,130802,151723,S_Manhattan
36061009200,130802,151723,S_Manhattan
36061009300,130802,151723,S_Manhattan
36061009400,130802,151723,S_Manhattan
36061009500,130802,151723,S_Manhattan
36061009600,130802,151723,S_Manhattan
36061009700,130802,151723,S_Manhattan
36061009800,130802,151723,S_Manhattan
36061009902,130802,151723,S_Manhattan
36061009903,130802,151723,S_Manhattan
36061010000,130802,151723,S_Manhattan
36061010100,130802,151723,S_Manhattan
36061010200,130802,151723,S_Manhattan
36061010300,130802,151723,S_Manhattan
36061010400,130802,151723,S_Manhattan
36061010801,130802,151723,S_Manhattan
36061010802,130802,151723,S_Manhattan
36061010803,130802,151723,S_Manhattan
36061010900,130802,151723,S_Manhattan
36061011100,130802,151723,S_Manhattan
36061011201,130802,151723,S_Manhattan
36061011202,130802,151723,S_Manhattan
36061011203,130802,151723,S_Manhattan
36061011300,130802,151723,S_Manhattan
36061011402,130802,151723,S_Manhattan
36061011800,130802,151723,S_Manhattan
36061011900,130802,151723,S_Manhattan
36061012000,130802,151723,S_Manhattan
36061012101,130802,151723,S_Manhattan
36061012101,130802,151723,S_Manhattan
36061012101,130802,151723,S_Manhattan
36061012101,130802,151723,S_Manhattan
36061012101,130802,151723,S_Manhattan
36061012101,130802,151723,S_Manhattan
36061012101,130802,151723,S_Manhattan
36061012101,130802,151723,S_Manhattan
36061012102,130802,151723,S_Manhattan
36061012102,130802,151723,S_Manhattan
36061012102,130802,151723,S_Manhattan
36061012102,130802,151723,S_Manhattan
36061012102,130802,151723,S_Manhattan
36061012102,130802,151723,S_Manhattan
36061012102,130802,151723,S_Manhattan
36061012102,130802,151723,S_Manhattan
36061012200,130802,151723,S_Manhattan
36061012500,130802,151723,S_Manhattan
36061012601,130802,151723,S_Manhattan
36061012602,130802,151723,S_Manhattan
36061012700,130802,151723,S_Manhattan
36061013000,130802,151723,S_Manhattan
36061013100,130802,151723,S_Manhattan
36061013201,130802,151723,S_Manhattan
36061013202,130802,151723,S_Manhattan
36061013300,130802,151723,S_Manhattan
36061013601,130802,151723,S_Manhattan
36061013602,130802,151723,S_Manhattan
36061014801,130802,151723,S_Manhattan
36061014900,130802,151723,S_Manhattan
36061015001,130802,151723,S_Manhattan
36061015002,130802,151723,S_Manhattan
36061015101,130802,151723,S_Manhattan
36061015301,130802,151723,S_Manhattan
36061015302,130802,151723,S_Manhattan
36061015401,130802,151723,S_Manhattan
36061015402,130802,151723,S_Manhattan
36061015403,130802,151723,S_Manhattan
36061015501,130802,151723,S_Manhattan
36061015601,130802,151723,S_Manhattan
36061015602,91898,123688,N_Manhattan
36061015700,130802,151723,S_Manhattan
36061015801,130802,151723,S_Manhattan
36061015802,91898,123688,N_Manhattan
36061016001,130802,151723,S_Manhattan
36061016002,91898,123688,N_Manhattan
36061016100,130802,151723,S_Manhattan
36061016200,91898,123688,N_Manhattan
36061016400,91898,123688,N_Manhattan
36061016500,130802,151723,S_Manhattan
36061016600,91898,123688,N_Manhattan
36061016900,130802,151723,S_Manhattan
36061017000,91898,123688,N_Manhattan
36061017100,130802,151723,S_Manhattan
36061017200,91898,123688,N_Manhattan
36061017300,130802,151723,S_Manhattan
36061017401,91898,123688,N_Manhattan
36061017402,91898,123688,N_Manhattan
36061017500,130802,151723,S_Manhattan
36061017700,130802,151723,S_Manhattan
36061018000,91898,123688,N_Manhattan
36061018100,130802,151723,S_Manhattan
36061018400,91898,123688,N_Manhattan
36061018600,91898,123688,N_Manhattan
36061018700,130802,151723,S_Manhattan
36061019200,91898,123688,N_Manhattan
36061019300,130802,151723,S_Manhattan
36061019400,91898,123688,N_Manhattan
36061019500,130802,151723,S_Manhattan
36061019600,91898,123688,N_Manhattan
36061019702,91898,123688,N_Manhattan
36061019900,91898,123688,N_Manhattan
36061020500,91898,123688,N_Manhattan
36061020600,91898,123688,N_Manhattan
36061020701,91898,123688,N_Manhattan
36061020800,91898,123688,N_Manhattan
36061021100,91898,123688,N_Manhattan
36061021303,91898,123688,N_Manhattan
36061021500,91898,123688,N_Manhattan
36061021600,91898,123688,N_Manhattan
36061021703,91898,123688,N_Manhattan
36061021800,91898,123688,N_Manhattan
36061022000,91898,123688,N_Manhattan
36061022102,91898,123688,N_Manhattan
36061022200,91898,123688,N_Manhattan
36061022301,91898,123688,N_Manhattan
36061022400,91898,123688,N_Manhattan
36061022500,91898,123688,N_Manhattan
36061022600,91898,123688,N_Manhattan
36061022800,91898,123688,N_Manhattan
36061023100,91898,123688,N_Manhattan
36061023400,91898,123688,N_Manhattan
36061023502,91898,123688,N_Manhattan
36061024100,91898,123688,N_Manhattan
36061024200,91898,123688,N_Manhattan
36061024301,91898,123688,N_Manhattan
36061024700,91898,123688,N_Manhattan
36061024900,91898,123688,N_Manhattan
36061025100,91898,123688,N_Manhattan
36061025500,91898,123688,N_Manhattan
36061026500,91898,123688,N_Manhattan
36061026700,91898,123688,N_Manhattan
36061026900,91898,123688,N_Manhattan
36061027100,91898,123688,N_Manhattan
36061028100,91898,123688,N_Manhattan
36061029300,91898,123688,N_Manhattan
36061029500,91898,123688,N_Manhattan
36061030900,91898,123688,N_Manhattan
36005000100,85507,107246,Bronx
36005000200,85507,107246,Bronx
36005001600,85507,107246,Bronx
36005001904,85507,107246,Bronx
36005002002,85507,107246,Bronx
36005002300,85507,107246,Bronx
36005002500,85507,107246,Bronx
36005002701,85507,107246,Bronx
36005002702,85507,107246,Bronx
36005003800,85507,107246,Bronx
36005003900,85507,107246,Bronx
36005004001,85507,107246,Bronx
36005004200,85507,107246,Bronx
36005004400,85507,107246,Bronx
36005004600,85507,107246,Bronx
36005004800,85507,107246,Bronx
36005005001,85507,107246,Bronx
36005005002,85507,107246,Bronx
36005005400,85507,107246,Bronx
36005006302,85507,107246,Bronx
36005006400,85507,107246,Bronx
36005006500,85507,107246,Bronx
36005006800,85507,107246,Bronx
36005007000,85507,107246,Bronx
36005007200,85507,107246,Bronx
36005007400,85507,107246,Bronx
36005007600,85507,107246,Bronx
36005007800,85507,107246,Bronx
36005007900,85507,107246,Bronx
36005008300,85507,107246,Bronx
36005008400,85507,107246,Bronx
36005008500,85507,107246,Bronx
36005008600,85507,107246,Bronx
36005008700,85507,107246,Bronx
36005009200,85507,107246,Bronx
36005009600,85507,107246,Bronx
36005011701,85507,107246,Bronx
36005011702,85507,107246,Bronx
36005011900,85507,107246,Bronx
36005012101,85507,107246,Bronx
36005012101,85507,107246,Bronx
36005012102,85507,107246,Bronx
36005012500,85507,107246,Bronx
36005012901,85507,107246,Bronx
36005013000,85507,107246,Bronx
36005013100,85507,107246,Bronx
36005013200,85507,107246,Bronx
36005013300,85507,107246,Bronx
36005013500,85507,107246,Bronx
36005014400,85507,107246,Bronx
36005014900,85507,107246,Bronx
36005015100,85507,107246,Bronx
36005015200,85507,107246,Bronx
36005015300,85507,107246,Bronx
36005015800,85507,107246,Bronx
36005016000,85507,107246,Bronx
36005016200,85507,107246,Bronx
36005016300,85507,107246,Bronx
36005016400,85507,107246,Bronx
36005017100,85507,107246,Bronx
36005017500,85507,107246,Bronx
36005017701,85507,107246,Bronx
36005017702,85507,107246,Bronx
36005017901,85507,107246,Bronx
36005017902,85507,107246,Bronx
36005018101,85507,107246,Bronx
36005018102,85507,107246,Bronx
36005018302,85507,107246,Bronx
36005018400,85507,107246,Bronx
36005018900,85507,107246,Bronx
36005019700,85507,107246,Bronx
36005019900,85507,107246,Bronx
36005020200,85507,107246,Bronx
36005020400,85507,107246,Bronx
36005020601,85507,107246,Bronx
36005020900,85507,107246,Bronx
36005021002,85507,107246,Bronx
36005021100,85507,107246,Bronx
36005021301,85507,107246,Bronx
36005021302,85507,107246,Bronx
36005021501,85507,107246,Bronx
36005021502,85507,107246,Bronx
36005021700,85507,107246,Bronx
36005021800,85507,107246,Bronx
36005021900,85507,107246,Bronx
36005022101,85507,107246,Bronx
36005022102,85507,107246,Bronx
36005022300,85507,107246,Bronx
36005022403,85507,107246,Bronx
36005022404,85507,107246,Bronx
36005022500,85507,107246,Bronx
36005022701,85507,107246,Bronx
36005022702,85507,107246,Bronx
36005022703,85507,107246,Bronx
36005022800,85507,107246,Bronx
36005022901,85507,107246,Bronx
36005022902,85507,107246,Bronx
36005023100,85507,107246,Bronx
36005023200,85507,107246,Bronx
36005023301,85507,107246,Bronx
36005023302,85507,107246,Bronx
36005023600,85507,107246,Bronx
36005023704,85507,107246,Bronx
36005023900,85507,107246,Bronx
36005024100,85507,107246,Bronx
36005024300,85507,107246,Bronx
36005024400,85507,107246,Bronx
36005024501,85507,107246,Bronx
36005024502,85507,107246,Bronx
36005024600,85507,107246,Bronx
36005024800,85507,107246,Bronx
36005024900,85507,107246,Bronx
36005025000,85507,107246,Bronx
36005025100,85507,107246,Bronx
36005025200,85507,107246,Bronx
36005025300,85507,107246,Bronx
36005025400,85507,107246,Bronx
36005025500,85507,107246,Bronx
36005026100,85507,107246,Bronx
36005026300,85507,107246,Bronx
36005026400,85507,107246,Bronx
36005026500,85507,107246,Bronx
36005026601,85507,107246,Bronx
36005026602,85507,107246,Bronx
36005026701,91898,123688,N_Manhattan
36005026702,91898,123688,N_Manhattan
36005027300,91898,123688,N_Manhattan
36005027700,91898,123688,N_Manhattan
36005027900,91898,123688,N_Manhattan
36005028100,91898,123688,N_Manhattan
36005028600,85507,107246,Bronx
36005028700,91898,123688,N_Manhattan
36005028800,85507,107246,Bronx
36005028900,91898,123688,N_Manhattan
36005029500,91898,123688,N_Manhattan
36005029600,85507,107246,Bronx
36005030000,85507,107246,Bronx
36005030100,91898,123688,N_Manhattan
36005030201,85507,107246,Bronx
36005030701,91898,123688,N_Manhattan
36005030900,91898,123688,N_Manhattan
36005031000,85507,107246,Bronx
36005031200,85507,107246,Bronx
36005031400,85507,107246,Bronx
36005031600,85507,107246,Bronx
36005031800,85507,107246,Bronx
36005031900,91898,123688,N_Manhattan
36005032300,91898,123688,N_Manhattan
36005032400,85507,107246,Bronx
36005032600,85507,107246,Bronx
36005032800,85507,107246,Bronx
36005033000,85507,107246,Bronx
36005033201,85507,107246,Bronx
36005033202,85507,107246,Bronx
36005033601,85507,107246,Bronx
36005033602,85507,107246,Bronx
36005033801,85507,107246,Bronx
36005033802,85507,107246,Bronx
36005034000,85507,107246,Bronx
36005034200,85507,107246,Bronx
36005034300,91898,123688,N_Manhattan
36005034400,85507,107246,Bronx
36005034800,85507,107246,Bronx
36005035600,85507,107246,Bronx
36005035900,85507,107246,Bronx
36005036000,85507,107246,Bronx
36005036300,85507,107246,Bronx
36005036400,85507,107246,Bronx
36005036501,85507,107246,Bronx
36005036800,85507,107246,Bronx
36005036901,85507,107246,Bronx
36005036902,85507,107246,Bronx
36005037000,85507,107246,Bronx
36005037100,85507,107246,Bronx
36005037200,85507,107246,Bronx
36005037300,85507,107246,Bronx
36005037400,85507,107246,Bronx
36005037504,85507,107246,Bronx
36005037900,85507,107246,Bronx
36005038000,85507,107246,Bronx
36005038100,85507,107246,Bronx
36005038200,85507,107246,Bronx
36005038301,85507,107246,Bronx
36005038303,85507,107246,Bronx
36005038600,85507,107246,Bronx
36005038700,85507,107246,Bronx
36005038800,85507,107246,Bronx
36005039000,85507,107246,Bronx
36005039100,85507,107246,Bronx
36005039200,85507,107246,Bronx
36005039400,85507,107246,Bronx
36005039600,85507,107246,Bronx
36005039800,85507,107246,Bronx
36005040302,85507,107246,Bronx
36005040303,85507,107246,Bronx
36005040304,85507,107246,Bronx
36005040400,85507,107246,Bronx
36005040501,85507,107246,Bronx
36005040502,85507,107246,Bronx
36005040600,85507,107246,Bronx
36005040701,85507,107246,Bronx
36005040702,85507,107246,Bronx
36005040800,85507,107246,Bronx
36005040900,85507,107246,Bronx
36005041500,85507,107246,Bronx
36005041900,85507,107246,Bronx
36005042000,85507,107246,Bronx
36005042100,85507,107246,Bronx
36005042200,85507,107246,Bronx
36005042300,85507,107246,Bronx
36005042400,85507,107246,Bronx
36005042800,85507,107246,Bronx
36005042902,85507,107246,Bronx
36005043000,85507,107246,Bronx
36005043101,85507,107246,Bronx
36005043400,85507,107246,Bronx
36005043600,85507,107246,Bronx
36005044200,85507,107246,Bronx
36005044400,85507,107246,Bronx
36005044800,85507,107246,Bronx
36005044901,85507,107246,Bronx
36005044902,85507,107246,Bronx
36005045102,85507,107246,Bronx
36005045600,85507,107246,Bronx
36005045800,85507,107246,Bronx
36005046000,85507,107246,Bronx
36005046203,85507,107246,Bronx
36005046204,85507,107246,Bronx
36005046206,85507,107246,Bronx
36005046207,85507,107246,Bronx
36005046208,85507,107246,Bronx
36005046209,85507,107246,Bronx
36005048401,85507,107246,Bronx
36005048402,85507,107246,Bronx
36005050400,85507,107246,Bronx
36005051601,85507,107246,Bronx
36005051602,85507,107246,Bronx
36081000200,92275,115496,Queens
36081000400,92275,115496,Queens
36081000600,92275,115496,Queens
36081000702,92275,115496,Queens
36081000800,92275,115496,Queens
36081001000,92275,115496,Queens
36081001200,92275,115496,Queens
36081001400,92275,115496,Queens
36081001600,92275,115496,Queens
36081002200,92275,115496,Queens
36081002400,92275,115496,Queens
36081002600,92275,115496,Queens
36081002800,92275,115496,Queens
36081003000,92275,115496,Queens
36081003100,92275,115496,Queens
36081003200,92275,115496,Queens
36081003302,92275,115496,Queens
36081003400,92275,115496,Queens
36081003800,92275,115496,Queens
36081004001,92275,115496,Queens
36081004002,92275,115496,Queens
36081004200,92275,115496,Queens
36081004300,92275,115496,Queens
36081004500,92275,115496,Queens
36081004700,92275,115496,Queens
36081005000,92275,115496,Queens
36081005100,92275,115496,Queens
36081005200,92275,115496,Queens
36081005300,92275,115496,Queens
36081005500,92275,115496,Queens
36081005700,92275,115496,Queens
36081006300,92275,115496,Queens
36081006501,92275,115496,Queens
36081006502,92275,115496,Queens
36081006900,92275,115496,Queens
36081007100,92275,115496,Queens
36081007300,92275,115496,Queens
36081007500,92275,115496,Queens
36081007700,92275,115496,Queens
36081007900,92275,115496,Queens
36081008100,92275,115496,Queens
36081008300,92275,115496,Queens
36081008500,92275,115496,Queens
36081009400,92275,115496,Queens
36081009500,92275,115496,Queens
36081009600,92275,115496,Queens
36081009700,92275,115496,Queens
36081009800,92275,115496,Queens
36081009900,92275,115496,Queens
36081010000,92275,115496,Queens
36081010100,92275,115496,Queens
36081010200,92275,115496,Queens
36081010300,92275,115496,Queens
36081010400,92275,115496,Queens
36081010500,92275,115496,Queens
36081010800,92275,115496,Queens
36081011000,92275,115496,Queens
36081011100,92275,115496,Queens
36081011200,92275,115496,Queens
36081011300,92275,115496,Queens
36081011400,92275,115496,Queens
36081011500,92275,115496,Queens
36081011600,92275,115496,Queens
36081011700,92275,115496,Queens
36081011800,92275,115496,Queens
36081011900,92275,115496,Queens
36081012000,92275,115496,Queens
36081012100,92275,115496,Queens
36081012200,92275,115496,Queens
36081012400,92275,115496,Queens
36081012601,92275,115496,Queens
36081012602,92275,115496,Queens
36081012800,92275,115496,Queens
36081013200,92275,115496,Queens
36081013400,92275,115496,Queens
36081013500,92275,115496,Queens
36081013800,92275,115496,Queens
36081014000,92275,115496,Queens
36081014201,92275,115496,Queens
36081014202,92275,115496,Queens
36081014300,92275,115496,Queens
36081014400,92275,115496,Queens
36081014500,92275,115496,Queens
36081014700,92275,115496,Queens
36081014800,92275,115496,Queens
36081014900,92275,115496,Queens
36081015000,92275,115496,Queens
36081015100,92275,115496,Queens
36081015200,92275,115496,Queens
36081015300,92275,115496,Queens
36081015400,92275,115496,Queens
36081015600,92275,115496,Queens
36081015700,92275,115496,Queens
36081015801,92275,115496,Queens
36081015802,92275,115496,Queens
36081016100,92275,115496,Queens
36081016300,92275,115496,Queens
36081016400,92275,115496,Queens
36081016800,92275,115496,Queens
36081016900,92275,115496,Queens
36081017000,92275,115496,Queens
36081017200,92275,115496,Queens
36081017400,92275,115496,Queens
36081017600,92275,115496,Queens
36081017800,92275,115496,Queens
36081017901,92275,115496,Queens
36081017902,92275,115496,Queens
36081018000,92275,115496,Queens
36081018101,92275,115496,Queens
36081018102,92275,115496,Queens
36081018200,92275,115496,Queens
36081018300,92275,115496,Queens
36081018401,92275,115496,Queens
36081018402,92275,115496,Queens
36081018501,92275,115496,Queens
36081018502,92275,115496,Queens
36081018600,92275,115496,Queens
36081018700,92275,115496,Queens
36081018800,92275,115496,Queens
36081018900,92275,115496,Queens
36081019000,92275,115496,Queens
36081019200,92275,115496,Queens
36081019400,92275,115496,Queens
36081019600,92275,115496,Queens
36081019800,92275,115496,Queens
36081019901,92275,115496,Queens
36081019902,92275,115496,Queens
36081019903,92275,115496,Queens
36081020200,92275,115496,Queens
36081020400,92275,115496,Queens
36081020500,92275,115496,Queens
36081020600,92275,115496,Queens
36081020800,92275,115496,Queens
36081021200,92275,115496,Queens
36081021400,92275,115496,Queens
36081021602,92275,115496,Queens
36081021603,92275,115496,Queens
36081022001,92275,115496,Queens
36081022002,92275,115496,Queens
36081023000,92275,115496,Queens
36081023200,92275,115496,Queens
36081023501,92275,115496,Queens
36081023502,92275,115496,Queens
36081023600,92275,115496,Queens
36081023800,92275,115496,Queens
36081024000,92275,115496,Queens
36081024600,92275,115496,Queens
36081025100,92275,115496,Queens
36081025301,92275,115496,Queens
36081025302,92275,115496,Queens
36081025401,92275,115496,Queens
36081025402,92275,115496,Queens
36081025500,92275,115496,Queens
36081025700,92275,115496,Queens
36081025800,92275,115496,Queens
36081025900,92275,115496,Queens
36081026000,92275,115496,Queens
36081026200,92275,115496,Queens
36081026400,92275,115496,Queens
36081026600,92275,115496,Queens
36081026700,92275,115496,Queens
36081026901,92275,115496,Queens
36081026902,92275,115496,Queens
36081027000,92275,115496,Queens
36081027101,92275,115496,Queens
36081027102,92275,115496,Queens
36081027200,92275,115496,Queens
36081027301,92275,115496,Queens
36081027302,92275,115496,Queens
36081027400,92275,115496,Queens
36081027500,92275,115496,Queens
36081027600,92275,115496,Queens
36081027701,92275,115496,Queens
36081027702,92275,115496,Queens
36081027800,92275,115496,Queens
36081027900,92275,115496,Queens
36081028000,92275,115496,Queens
36081028100,92275,115496,Queens
36081028200,92275,115496,Queens
36081028300,92275,115496,Queens
36081028400,92275,115496,Queens
36081028500,92275,115496,Queens
36081028700,92275,115496,Queens
36081028801,92275,115496,Queens
36081028802,92275,115496,Queens
36081028900,92275,115496,Queens
36081029500,92275,115496,Queens
36081030903,92275,115496,Queens
36081032700,92275,115496,Queens
36081032800,92275,115496,Queens
36081033000,92275,115496,Queens
36081033401,92275,115496,Queens
36081033403,92275,115496,Queens
36081033404,92275,115496,Queens
36081033405,92275,115496,Queens
36081033700,92275,115496,Queens
36081033900,92275,115496,Queens
36081035100,92275,115496,Queens
36081035200,92275,115496,Queens
36081035300,92275,115496,Queens
36081035800,92275,115496,Queens
36081036100,92275,115496,Queens
36081036300,92275,115496,Queens
36081036500,92275,115496,Queens
36081036600,92275,115496,Queens
36081036700,92275,115496,Queens
36081036800,92275,115496,Queens
36081037300,92275,115496,Queens
36081037501,92275,115496,Queens
36081037502,92275,115496,Queens
36081037600,92275,115496,Queens
36081037700,92275,115496,Queens
36081037900,92275,115496,Queens
36081038301,92275,115496,Queens
36081038400,92275,115496,Queens
36081039400,92275,115496,Queens
36081039800,92275,115496,Queens
36081039901,92275,115496,Queens
36081039902,92275,115496,Queens
36081040000,92275,115496,Queens
36081040101,92275,115496,Queens
36081040102,92275,115496,Queens
36081040200,92275,115496,Queens
36081040301,92275,115496,Queens
36081040302,92275,115496,Queens
36081040400,92275,115496,Queens
36081040501,92275,115496,Queens
36081040502,92275,115496,Queens
36081040701,92275,115496,Queens
36081040702,92275,115496,Queens
36081040901,92275,115496,Queens
36081040902,92275,115496,Queens
36081041100,92275,115496,Queens
36081041300,92275,115496,Queens
36081041400,92275,115496,Queens
36081041500,92275,115496,Queens
36081042700,92275,115496,Queens
36081043701,92275,115496,Queens
36081043702,92275,115496,Queens
36081043900,92275,115496,Queens
36081044000,92275,115496,Queens
36081044301,92275,115496,Queens
36081044302,92275,115496,Queens
36081044400,92275,115496,Queens
36081044601,92275,115496,Queens
36081044602,92275,115496,Queens
36081044800,92275,115496,Queens
36081045000,92275,115496,Queens
36081045600,92275,115496,Queens
36081045700,92275,115496,Queens
36081045900,92275,115496,Queens
36081046000,92275,115496,Queens
36081046100,92275,115496,Queens
36081046400,92275,115496,Queens
36081046500,92275,115496,Queens
36081046700,92275,115496,Queens
36081046800,92275,115496,Queens
36081046901,92275,115496,Queens
36081046902,92275,115496,Queens
36081047000,92275,115496,Queens
36081047200,92275,115496,Queens
36081047300,92275,115496,Queens
36081047801,92275,115496,Queens
36081047802,92275,115496,Queens
36081048000,92275,115496,Queens
36081048100,92275,115496,Queens
36081048200,92275,115496,Queens
36081048400,92275,115496,Queens
36081049201,92275,115496,Queens
36081049202,92275,115496,Queens
36081049301,92275,115496,Queens
36081049302,92275,115496,Queens
36081049500,92275,115496,Queens
36081049600,92275,115496,Queens
36081049700,92275,115496,Queens
36081050000,92275,115496,Queens
36081050201,92275,115496,Queens
36081050202,92275,115496,Queens
36081050400,92275,115496,Queens
36081050500,92275,115496,Queens
36081050600,92275,115496,Queens
36081050800,92275,115496,Queens
36081051000,92275,115496,Queens
36081051200,92275,115496,Queens
36081051300,92275,115496,Queens
36081051600,92275,115496,Queens
36081051700,92275,115496,Queens
36081051800,92275,115496,Queens
36081052000,92275,115496,Queens
36081052100,92275,115496,Queens
36081052200,92275,115496,Queens
36081052400,92275,115496,Queens
36081052600,92275,115496,Queens
36081052800,92275,115496,Queens
36081053000,92275,115496,Queens
36081053100,92275,115496,Queens
36081053200,92275,115496,Queens
36081053401,92275,115496,Queens
36081053601,92275,115496,Queens
36081053800,92275,115496,Queens
36081053901,92275,115496,Queens
36081053902,92275,115496,Queens
36081054000,92275,115496,Queens
36081054200,92275,115496,Queens
36081054500,92275,115496,Queens
36081054700,92275,115496,Queens
36081054800,92275,115496,Queens
36081054900,92275,115496,Queens
36081055100,92275,115496,Queens
36081055200,92275,115496,Queens
36081055300,92275,115496,Queens
36081055400,92275,115496,Queens
36081055500,92275,115496,Queens
36081055600,92275,115496,Queens
36081055700,92275,115496,Queens
36081055800,92275,115496,Queens
36081055900,92275,115496,Queens
36081056100,92275,115496,Queens
36081056200,92275,115496,Queens
36081056500,92275,115496,Queens
36081056600,92275,115496,Queens
36081056700,92275,115496,Queens
36081057700,92275,115496,Queens
36081057900,92275,115496,Queens
36081058200,92275,115496,Queens
36081058500,92275,115496,Queens
36081058700,92275,115496,Queens
36081058900,92275,115496,Queens
36081059000,92275,115496,Queens
36081059100,92275,115496,Queens
36081059300,92275,115496,Queens
36081059400,92275,115496,Queens
36081059501,92275,115496,Queens
36081059600,92275,115496,Queens
36081059800,92275,115496,Queens
36081059900,92275,115496,Queens
36081060000,92275,115496,Queens
36081060600,92275,115496,Queens
36081060800,92275,115496,Queens
36081061000,92275,115496,Queens
36081061200,92275,115496,Queens
36081061302,92275,115496,Queens
36081061400,92275,115496,Queens
36081061601,92275,115496,Queens
36081061602,92275,115496,Queens
36081061800,92275,115496,Queens
36081061900,92275,115496,Queens
36081062300,92275,115496,Queens
36081062500,92275,115496,Queens
36081062600,92275,115496,Queens
36081062700,92275,115496,Queens
36081062900,92275,115496,Queens
36081063200,92275,115496,Queens
36081063301,92275,115496,Queens
36081064101,92275,115496,Queens
36081064500,92275,115496,Queens
36081064600,92275,115496,Queens
36081065000,92275,115496,Queens
36081065401,92275,115496,Queens
36081065402,92275,115496,Queens
36081065600,92275,115496,Queens
36081065702,92275,115496,Queens
36081065703,92275,115496,Queens
36081066000,92275,115496,Queens
36081066302,92275,115496,Queens
36081066302,92275,115496,Queens
36081066402,92275,115496,Queens
36081066403,92275,115496,Queens
36081066701,92275,115496,Queens
36081067100,92275,115496,Queens
36081067700,92275,115496,Queens
36081067900,92275,115496,Queens
36081068200,92275,115496,Queens
36081068300,92275,115496,Queens
36081069300,92275,115496,Queens
36081069500,92275,115496,Queens
36081069701,92275,115496,Queens
36081069702,92275,115496,Queens
36081070300,92275,115496,Queens
36081070700,92275,115496,Queens
36081070900,92275,115496,Queens
36081071303,92275,115496,Queens
36081071304,92275,115496,Queens
36081071305,92275,115496,Queens
36081071701,92275,115496,Queens
36081071900,92275,115496,Queens
36081072100,92275,115496,Queens
36081072300,92275,115496,Queens
36081072900,92275,115496,Queens
36081073700,92275,115496,Queens
36081073900,92275,115496,Queens
36081074100,92275,115496,Queens
36081074300,92275,115496,Queens
36081074500,92275,115496,Queens
36081074700,92275,115496,Queens
36081075701,92275,115496,Queens
36081075702,92275,115496,Queens
36081077902,92275,115496,Queens
36081077903,92275,115496,Queens
36081077904,92275,115496,Queens
36081077905,92275,115496,Queens
36081077906,92275,115496,Queens
36081077907,92275,115496,Queens
36081077908,92275,115496,Queens
36081078800,92275,115496,Queens
36081079000,92275,115496,Queens
36081079200,92275,115496,Queens
36081079300,92275,115496,Queens
36081079701,92275,115496,Queens
36081079702,92275,115496,Queens
36081079900,92275,115496,Queens
36081080301,92275,115496,Queens
36081080302,92275,115496,Queens
36081081400,92275,115496,Queens
36081081800,92275,115496,Queens
36081083700,92275,115496,Queens
36081083800,92275,115496,Queens
36081084000,92275,115496,Queens
36081084500,92275,115496,Queens
36081084601,92275,115496,Queens
36081084602,92275,115496,Queens
36081084901,92275,115496,Queens
36081084902,92275,115496,Queens
36081085700,92275,115496,Queens
36081085900,92275,115496,Queens
36081086100,92275,115496,Queens
36081086400,92275,115496,Queens
36081086500,92275,115496,Queens
36081086900,92275,115496,Queens
36081087100,92275,115496,Queens
36081088902,92275,115496,Queens
36081088903,92275,115496,Queens
36081089202,92275,115496,Queens
36081091602,92275,115496,Queens
36081091603,92275,115496,Queens
36081091604,92275,115496,Queens
36081091800,92275,115496,Queens
36081092200,92275,115496,Queens
36081092500,92275,115496,Queens
36081092800,92275,115496,Queens
36081092900,92275,115496,Queens
36081093401,92275,115496,Queens
36081093402,92275,115496,Queens
36081093800,92275,115496,Queens
36081094203,92275,115496,Queens
36081094500,92275,115496,Queens
36081094700,92275,115496,Queens
36081097204,92275,115496,Queens
36081097205,92275,115496,Queens
36081097206,92275,115496,Queens
36081097207,92275,115496,Queens
36081099703,92275,115496,Queens
36081099704,92275,115496,Queens
36081099801,92275,115496,Queens
36081099802,92275,115496,Queens
36081099900,92275,115496,Queens
36081100801,92275,115496,Queens
36081100803,92275,115496,Queens
36081100804,92275,115496,Queens
36081101002,92275,115496,Queens
36081101003,92275,115496,Queens
36081101004,92275,115496,Queens
36081103300,92275,115496,Queens
36081103900,92275,115496,Queens
36081104700,92275,115496,Queens
36081105900,92275,115496,Queens
36081108500,92275,115496,Queens
36081109300,92275,115496,Queens
36081109700,92275,115496,Queens
36081109900,92275,115496,Queens
36081113300,92275,115496,Queens
36081113900,92275,115496,Queens
36081114100,92275,115496,Queens
36081114700,92275,115496,Queens
36081115100,92275,115496,Queens
36081115500,92275,115496,Queens
36081115700,92275,115496,Queens
36081115900,92275,115496,Queens
36081116100,92275,115496,Queens
36081116301,92275,115496,Queens
36081117100,92275,115496,Queens
36081117500,92275,115496,Queens
36081118100,92275,115496,Queens
36081118500,92275,115496,Queens
36081118700,92275,115496,Queens
36081118900,92275,115496,Queens
36081119100,92275,115496,Queens
36081119300,92275,115496,Queens
36081119500,92275,115496,Queens
36081119900,92275,115496,Queens
36081120100,92275,115496,Queens
36081120300,92275,115496,Queens
36081120500,92275,115496,Queens
36081120701,92275,115496,Queens
36081120702,92275,115496,Queens
36081121100,92275,115496,Queens
36081121500,92275,115496,Queens
36081122300,92275,115496,Queens
36081122703,92275,115496,Queens
36081122704,92275,115496,Queens
36081124100,92275,115496,Queens
36081124700,92275,115496,Queens
36081126500,92275,115496,Queens
36081129102,92275,115496,Queens
36081129104,92275,115496,Queens
36081130100,92275,115496,Queens
36081133900,92275,115496,Queens
36081134100,92275,115496,Queens
36081134701,92275,115496,Queens
36081134702,92275,115496,Queens
36081136700,92275,115496,Queens
36081137700,92275,115496,Queens
36081138501,92275,115496,Queens
36081140300,92275,115496,Queens
36081140901,92275,115496,Queens
36081140902,92275,115496,Queens
36081141700,92275,115496,Queens
36081142900,92275,115496,Queens
36081144100,92275,115496,Queens
36081144700,92275,115496,Queens
36081145101,92275,115496,Queens
36081145102,92275,115496,Queens
36081145900,92275,115496,Queens
36081146300,92275,115496,Queens
36081146700,92275,115496,Queens
36081147100,92275,115496,Queens
36081147900,92275,115496,Queens
36081150701,92275,115496,Queens
36081150702,92275,115496,Queens
36081152902,92275,115496,Queens
36081155101,92275,115496,Queens
36081155103,92275,115496,Queens
36081155104,92275,115496,Queens
36081157902,92275,115496,Queens
36005036100,85507,107246,Bronx
36005012701,85507,107246,Bronx
36005015900,85507,107246,Bronx
36005020502,85507,107246,Bronx
36005039902,85507,107246,Bronx
36005000400,85507,107246,Bronx
36081093900,92275,115496,Queens
36005042600,85507,107246,Bronx
36061003800,130802,151723,S_Manhattan
36061001001,130802,151723,S_Manhattan
36061001502,130802,151723,S_Manhattan
36061004800,130802,151723,S_Manhattan
36061004400,130802,151723,S_Manhattan
36061006400,130802,151723,S_Manhattan
36061022900,91898,123688,N_Manhattan
36061017800,91898,123688,N_Manhattan
36061000500,130802,151723,S_Manhattan
36061031900,130802,151723,S_Manhattan
36081008700,92275,115496,Queens
36081071600,92275,115496,Queens
36081094201,92275,115496,Queens
36081094202,92275,115496,Queens
36081111300,92275,115496,Queens
36081148300,92275,115496,Queens
36081080900,92275,115496,Queens
36081122702,92275,115496,Queens
36081125700,92275,115496,Queens
36081126700,92275,115496,Queens
36081139900,92275,115496,Queens
36081143500,92275,115496,Queens
36081157901,92275,115496,Queens
36081157903,92275,115496,Queens
36081042400,92275,115496,Queens
36081043400,92275,115496,Queens
36081042600,92275,115496,Queens
36081043200,92275,115496,Queens
36081045200,92275,115496,Queens
36081045400,92275,115496,Queens
36081005900,92275,115496,Queens
36081006100,92275,115496,Queens
36081058100,92275,115496,Queens
36081058300,92275,115496,Queens
36061023501,91898,123688,N_Manhattan
36081047900,92275,115496,Queens
36081062400,92275,115496,Queens
36081062000,92275,115496,Queens
36081063000,92275,115496,Queens
36005019300,85507,107246,Bronx
36061021900,91898,123688,N_Manhattan
36061022302,91898,123688,N_Manhattan
36081133300,92275,115496,Queens
36061012400,130802,151723,S_Manhattan
36005021200,85507,107246,Bronx
36005022200,85507,107246,Bronx
36081065501,92275,115496,Queens
36061027900,91898,123688,N_Manhattan
36061028300,91898,123688,N_Manhattan
36061028500,91898,123688,N_Manhattan
36061014401,130802,151723,S_Manhattan
36061001600,130802,151723,S_Manhattan
36081037100,92275,115496,Queens
36005008900,85507,107246,Bronx
36061001200,130802,151723,S_Manhattan
36081112300,92275,115496,Queens
36081112900,92275,115496,Queens
36005042901,85507,107246,Bronx
36081026300,92275,115496,Queens
36081013600,92275,115496,Queens
36081005400,92275,115496,Queens
36081008600,92275,115496,Queens
36081066401,92275,115496,Queens
36081066404,92275,115496,Queens
36081066900,92275,115496,Queens
36081030600,92275,115496,Queens
36081048500,92275,115496,Queens
36081012500,92275,115496,Queens
36005038900,85507,107246,Bronx
36005029301,91898,123688,N_Manhattan
36005029302,91898,123688,N_Manhattan
36081013000,92275,115496,Queens
36081073100,92275,115496,Queens
36081074900,92275,115496,Queens
36005042500,85507,107246,Bronx
36081026502,92275,115496,Queens
36081026501,92275,115496,Queens
36081048301,92275,115496,Queens
36005002800,85507,107246,Bronx
36005005200,85507,107246,Bronx
36081066100,92275,115496,Queens
36081065900,92275,115496,Queens
36081066501,92275,115496,Queens
36005020000,85507,107246,Bronx
36005025600,85507,107246,Bronx
36081102900,92275,115496,Queens
36081097300,92275,115496,Queens
36081098100,92275,115496,Queens
36081060100,92275,115496,Queens
36081063302,92275,115496,Queens
36081063500,92275,115496,Queens
36081062100,92275,115496,Queens
36081063700,92275,115496,Queens
36081077500,92275,115496,Queens
36005039700,85507,107246,Bronx
36005039300,85507,107246,Bronx
36005029700,91898,123688,N_Manhattan
36081063900,92275,115496,Queens
36081064102,92275,115496,Queens
36081046300,92275,115496,Queens
36081047100,92275,115496,Queens
36005035000,85507,107246,Bronx
36005035800,85507,107246,Bronx
36081077300,92275,115496,Queens
36081024900,92275,115496,Queens
36081026100,92275,115496,Queens
36061021000,91898,123688,N_Manhattan
36061021200,91898,123688,N_Manhattan
36005027600,85507,107246,Bronx
36061015502,130802,151723,S_Manhattan
36081010701,92275,115496,Queens
36081012301,92275,115496,Queens
36005037800,85507,107246,Bronx
36081085300,92275,115496,Queens
36005026900,85507,107246,Bronx
36081161700,92275,115496,Queens
36081035700,92275,115496,Queens
36005009301,85507,107246,Bronx
36005023501,85507,107246,Bronx
36005023502,85507,107246,Bronx
36081099701,92275,115496,Queens
36081101700,92275,115496,Queens
36005023702,85507,107246,Bronx
36005039901,85507,107246,Bronx
36005023703,85507,107246,Bronx
36005040100,85507,107246,Bronx
36005016900,85507,107246,Bronx
36081085500,92275,115496,Queens
36081086300,92275,115496,Queens
36061030700,91898,123688,N_Manhattan
36005014702,85507,107246,Bronx
36081028803,92275,115496,Queens
36081029400,92275,115496,Queens
36005014300,85507,107246,Bronx
36005018501,85507,107246,Bronx
36081004401,92275,115496,Queens
36081005800,92275,115496,Queens
36061020101,91898,123688,N_Manhattan
36061020300,91898,123688,N_Manhattan
36081116302,92275,115496,Queens
36081116700,92275,115496,Queens
36081090700,92275,115496,Queens
36081091900,92275,115496,Queens
36081000103,92275,115496,Queens
36081029700,92275,115496,Queens
36061018500,130802,151723,S_Manhattan
36081022900,92275,115496,Queens
36081051500,92275,115496,Queens
36081000102,92275,115496,Queens
36061023804,130802,151723,S_Manhattan
36061018900,130802,151723,S_Manhattan
36061019100,130802,151723,S_Manhattan
36081030906,92275,115496,Queens
36081098700,92275,115496,Queens
36061013700,130802,151723,S_Manhattan
36061013900,130802,151723,S_Manhattan
36061014500,130802,151723,S_Manhattan
36061027700,91898,123688,N_Manhattan
36081010600,92275,115496,Queens
36081016600,92275,115496,Queens
36061001002,130802,151723,S_Manhattan
36005003300,85507,107246,Bronx
36081056000,92275,115496,Queens
36081162100,92275,115496,Queens
36081097202,92275,115496,Queens
36081099200,92275,115496,Queens
36081045800,92275,115496,Queens
36081046200,92275,115496,Queens
36081046600,92275,115496,Queens
36061022700,91898,123688,N_Manhattan
36061025900,91898,123688,N_Manhattan
36061006000,130802,151723,S_Manhattan
36005001901,85507,107246,Bronx
36081015500,92275,115496,Queens
36081015900,92275,115496,Queens
36061002000,130802,151723,S_Manhattan
36005009000,85507,107246,Bronx
36005009800,85507,107246,Bronx
36081000101,92275,115496,Queens
36081107201,92275,115496,Queens
36005020100,85507,107246,Bronx
36005020501,85507,107246,Bronx
36061007900,130802,151723,S_Manhattan
36061009901,130802,151723,S_Manhattan
36061014601,130802,151723,S_Manhattan
36061014602,130802,151723,S_Manhattan
36061014802,130802,151723,S_Manhattan
36061026100,91898,123688,N_Manhattan
36061025300,91898,123688,N_Manhattan
36061026300,91898,123688,N_Manhattan
36061019800,91898,123688,N_Manhattan
36061019000,91898,123688,N_Manhattan
36061020000,91898,123688,N_Manhattan
36061027300,91898,123688,N_Manhattan
36061027500,91898,123688,N_Manhattan
36061000700,130802,151723,S_Manhattan
36061000900,130802,151723,S_Manhattan
36061003001,130802,151723,S_Manhattan
36061005900,130802,151723,S_Manhattan
36061006100,130802,151723,S_Manhattan
36061005000,130802,151723,S_Manhattan
36061008603,130802,151723,S_Manhattan
36061010601,130802,151723,S_Manhattan
36061012800,130802,151723,S_Manhattan
36061004700,130802,151723,S_Manhattan
36061004900,130802,151723,S_Manhattan
36061013203,130802,151723,S_Manhattan
36061013400,130802,151723,S_Manhattan
36061011000,130802,151723,S_Manhattan
36061013800,130802,151723,S_Manhattan
36061014000,130802,151723,S_Manhattan
36061013603,130802,151723,S_Manhattan
36061013604,130802,151723,S_Manhattan
36061014402,130802,151723,S_Manhattan
36061014200,130802,151723,S_Manhattan
36061002202,130802,151723,S_Manhattan
36061003002,130802,151723,S_Manhattan
36061018200,91898,123688,N_Manhattan
36061018800,91898,123688,N_Manhattan
36061017900,130802,151723,S_Manhattan
36061018300,130802,151723,S_Manhattan
36061016800,91898,123688,N_Manhattan
36081045500,92275,115496,Queens
36081071702,92275,115496,Queens
36005006700,85507,107246,Bronx
36005006900,85507,107246,Bronx
36005003100,85507,107246,Bronx
36005038304,85507,107246,Bronx
36005036502,85507,107246,Bronx
36005036700,85507,107246,Bronx
36005002001,85507,107246,Bronx
36005002400,85507,107246,Bronx
36005007700,85507,107246,Bronx
36061023000,91898,123688,N_Manhattan
36061023200,91898,123688,N_Manhattan
36005043502,85507,107246,Bronx
36005043502,85507,107246,Bronx
36005043503,85507,107246,Bronx
36005022401,85507,107246,Bronx
36005023000,85507,107246,Bronx
36081095400,92275,115496,Queens
36081096400,92275,115496,Queens
36061020901,91898,123688,N_Manhattan
36061025700,91898,123688,N_Manhattan
36061019701,91898,123688,N_Manhattan
36061020102,91898,123688,N_Manhattan
36005015500,85507,107246,Bronx
36005038500,85507,107246,Bronx
36005039500,85507,107246,Bronx
36005028300,91898,123688,N_Manhattan
36005028500,91898,123688,N_Manhattan
36061006600,130802,151723,S_Manhattan
36061005600,130802,151723,S_Manhattan
36061007400,130802,151723,S_Manhattan
36081009100,92275,115496,Queens
36061015200,130802,151723,S_Manhattan
36081033100,92275,115496,Queens
36081076901,92275,115496,Queens
36081076902,92275,115496,Queens
36081029900,92275,115496,Queens
36081031700,92275,115496,Queens
36061002500,130802,151723,S_Manhattan
36005027401,85507,107246,Bronx
36005027402,85507,107246,Bronx
36081071100,92275,115496,Queens
36081071306,92275,115496,Queens
36061016700,130802,151723,S_Manhattan
36081059200,92275,115496,Queens
36081062200,92275,115496,Queens
36081000104,92275,115496,Queens
36081063800,92275,115496,Queens
36081129103,92275,115496,Queens
36061023300,91898,123688,N_Manhattan
36061023700,91898,123688,N_Manhattan
36005041400,85507,107246,Bronx
36005041800,85507,107246,Bronx
36081053501,92275,115496,Queens
36081052500,92275,115496,Queens
36081059502,92275,115496,Queens
36005016500,85507,107246,Bronx
36005016700,85507,107246,Bronx
36081002500,92275,115496,Queens
36061021400,91898,123688,N_Manhattan
36061023600,91898,123688,N_Manhattan
36005041100,85507,107246,Bronx
36005041300,85507,107246,Bronx
36005030202,85507,107246,Bronx
36005046205,85507,107246,Bronx
36081156700,92275,115496,Queens
36081157101,92275,115496,Queens
36081157102,92275,115496,Queens
36005043501,85507,107246,Bronx
36005045101,85507,107246,Bronx
36005028400,85507,107246,Bronx
36081000701,92275,115496,Queens
36081001901,92275,115496,Queens
36061012902,130802,151723,S_Manhattan
36061013501,130802,151723,S_Manhattan
36061013502,130802,151723,S_Manhattan
36005014500,85507,107246,Bronx
36005014701,85507,107246,Bronx
36081001903,92275,115496,Queens
36081003301,92275,115496,Queens
36061011500,130802,151723,S_Manhattan
36081008800,92275,115496,Queens
36081006202,92275,115496,Queens
36061015900,130802,151723,S_Manhattan
36061016300,130802,151723,S_Manhattan
36085000300,88176,110453,Staten Island
36085000600,88176,110453,Staten Island
36085000700,88176,110453,Staten Island
36085000800,88176,110453,Staten Island
36085000900,88176,110453,Staten Island
36085001100,88176,110453,Staten Island
36085001700,88176,110453,Staten Island
36085002001,88176,110453,Staten Island
36085002100,88176,110453,Staten Island
36085002700,88176,110453,Staten Island
36085002900,88176,110453,Staten Island
36085003300,88176,110453,Staten Island
36085003600,88176,110453,Staten Island
36085003900,88176,110453,Staten Island
36085004001,88176,110453,Staten Island
36085004002,88176,110453,Staten Island
36085004003,88176,110453,Staten Island
36085004004,88176,110453,Staten Island
36085004700,88176,110453,Staten Island
36085005000,88176,110453,Staten Island
36085005902,88176,110453,Staten Island
36085006400,88176,110453,Staten Island
36085006700,88176,110453,Staten Island
36085007001,88176,110453,Staten Island
36085007002,88176,110453,Staten Island
36085007400,88176,110453,Staten Island
36085008100,88176,110453,Staten Island
36085009601,88176,110453,Staten Island
36085009602,88176,110453,Staten Island
36085009701,88176,110453,Staten Island
36085009702,88176,110453,Staten Island
36085010500,88176,110453,Staten Island
36085011201,88176,110453,Staten Island
36085011203,88176,110453,Staten Island
36085011401,88176,110453,Staten Island
36085011402,88176,110453,Staten Island
36085012100,88176,110453,Staten Island
36085012200,88176,110453,Staten Island
36085012805,88176,110453,Staten Island
36085012806,88176,110453,Staten Island
36085013301,88176,110453,Staten Island
36085013302,88176,110453,Staten Island
36085013400,88176,110453,Staten Island
36085014607,88176,110453,Staten Island
36085014608,88176,110453,Staten Island
36085015100,88176,110453,Staten Island
36085015400,88176,110453,Staten Island
36085015601,88176,110453,Staten Island
36085015602,88176,110453,Staten Island
36085015603,88176,110453,Staten Island
36085016901,88176,110453,Staten Island
36085017005,88176,110453,Staten Island
36085017007,88176,110453,Staten Island
36085017009,88176,110453,Staten Island
36085017011,88176,110453,Staten Island
36085017012,88176,110453,Staten Island
36085017013,88176,110453,Staten Island
36085017014,88176,110453,Staten Island
36085017015,88176,110453,Staten Island
36085017300,88176,110453,Staten Island
36085017600,88176,110453,Staten Island
36085017701,88176,110453,Staten Island
36085017702,88176,110453,Staten Island
36085018100,88176,110453,Staten Island
36085018701,88176,110453,Staten Island
36085018703,88176,110453,Staten Island
36085018704,88176,110453,Staten Island
36085018901,88176,110453,Staten Island
36085018902,88176,110453,Staten Island
36085019700,88176,110453,Staten Island
36085020100,88176,110453,Staten Island
36085020701,88176,110453,Staten Island
36085020702,88176,110453,Staten Island
36085020804,88176,110453,Staten Island
36085020805,88176,110453,Staten Island
36085020806,88176,110453,Staten Island
36085022300,88176,110453,Staten Island
36085022601,88176,110453,Staten Island
36085022602,88176,110453,Staten Island
36085022801,88176,110453,Staten Island
36085023100,88176,110453,Staten Island
36085023900,88176,110453,Staten Island
36085024401,88176,110453,Staten Island
36085024402,88176,110453,Staten Island
36085024800,88176,110453,Staten Island
36085025100,88176,110453,Staten Island
36085027301,88176,110453,Staten Island
36085027302,88176,110453,Staten Island
36085027702,88176,110453,Staten Island
36085027704,88176,110453,Staten Island
36085027705,88176,110453,Staten Island
36085027706,88176,110453,Staten Island
36085027900,88176,110453,Staten Island
36085029102,88176,110453,Staten Island
36085029104,88176,110453,Staten Island
36085029105,88176,110453,Staten Island
36085030301,88176,110453,Staten Island
36085030302,88176,110453,Staten Island
36085031901,88176,110453,Staten Island
36085031902,88176,110453,Staten Island
36085032300,88176,110453,Staten Island
36047000100,105204,142051,NW_BK
36047000200,88545,113549,BK_rest
36047000301,105204,142051,NW_BK
36047000501,105204,142051,NW_BK
36047000502,105204,142051,NW_BK
36047000700,105204,142051,NW_BK
36047000900,105204,142051,NW_BK
36047001100,105204,142051,NW_BK
36047001501,105204,142051,NW_BK
36047001502,105204,142051,NW_BK
36047001802,88545,113549,BK_rest
36047001803,88545,113549,BK_rest
36047001804,88545,113549,BK_rest
36047002000,88545,113549,BK_rest
36047002200,88545,113549,BK_rest
36047002300,105204,142051,NW_BK
36047002901,105204,142051,NW_BK
36047003000,88545,113549,BK_rest
36047003101,105204,142051,NW_BK
36047003102,105204,142051,NW_BK
36047003300,105204,142051,NW_BK
36047003400,88545,113549,BK_rest
36047003500,105204,142051,NW_BK
36047003600,88545,113549,BK_rest
36047003700,105204,142051,NW_BK
36047003800,88545,113549,BK_rest
36047003900,105204,142051,NW_BK
36047004100,105204,142051,NW_BK
36047004300,105204,142051,NW_BK
36047004400,88545,113549,BK_rest
36047004500,105204,142051,NW_BK
36047004600,88545,113549,BK_rest
36047004700,105204,142051,NW_BK
36047004900,105204,142051,NW_BK
36047005000,88545,113549,BK_rest
36047005201,88545,113549,BK_rest
36047005202,88545,113549,BK_rest
36047005301,105204,142051,NW_BK
36047005302,105204,142051,NW_BK
36047005400,88545,113549,BK_rest
36047005601,88545,113549,BK_rest
36047005602,88545,113549,BK_rest
36047005800,88545,113549,BK_rest
36047006000,88545,113549,BK_rest
36047006200,88545,113549,BK_rest
36047006400,88545,113549,BK_rest
36047006500,105204,142051,NW_BK
36047006600,88545,113549,BK_rest
36047006700,105204,142051,NW_BK
36047006800,88545,113549,BK_rest
36047006901,105204,142051,NW_BK
36047006902,105204,142051,NW_BK
36047007000,88545,113549,BK_rest
36047007100,105204,142051,NW_BK
36047007200,88545,113549,BK_rest
36047007400,88545,113549,BK_rest
36047007600,88545,113549,BK_rest
36047007800,88545,113549,BK_rest
36047008000,88545,113549,BK_rest
36047008200,88545,113549,BK_rest
36047008400,88545,113549,BK_rest
36047008500,105204,142051,NW_BK
36047008600,88545,113549,BK_rest
36047008800,88545,113549,BK_rest
36047009001,88545,113549,BK_rest
36047009002,88545,113549,BK_rest
36047009201,88545,113549,BK_rest
36047009202,88545,113549,BK_rest
36047009401,88545,113549,BK_rest
36047009402,88545,113549,BK_rest
36047009600,88545,113549,BK_rest
36047009800,88545,113549,BK_rest
36047010000,88545,113549,BK_rest
36047010200,88545,113549,BK_rest
36047010401,88545,113549,BK_rest
36047010402,88545,113549,BK_rest
36047010601,88545,113549,BK_rest
36047010602,88545,113549,BK_rest
36047010801,88545,113549,BK_rest
36047010802,88545,113549,BK_rest
36047011000,88545,113549,BK_rest
36047011200,88545,113549,BK_rest
36047011400,88545,113549,BK_rest
36047011600,88545,113549,BK_rest
36047011800,88545,113549,BK_rest
36047011901,105204,142051,NW_BK
36047011902,105204,142051,NW_BK
36047012000,88545,113549,BK_rest
36047012100,105204,142051,NW_BK
36047012200,88545,113549,BK_rest
36047012600,88545,113549,BK_rest
36047012700,105204,142051,NW_BK
36047012801,88545,113549,BK_rest
36047012901,105204,142051,NW_BK
36047012902,105204,142051,NW_BK
36047013000,88545,113549,BK_rest
36047013100,105204,142051,NW_BK
36047013200,88545,113549,BK_rest
36047013300,105204,142051,NW_BK
36047013400,88545,113549,BK_rest
36047013500,105204,142051,NW_BK
36047013600,88545,113549,BK_rest
36047013700,105204,142051,NW_BK
36047013800,88545,113549,BK_rest
36047013900,105204,142051,NW_BK
36047014000,88545,113549,BK_rest
36047014101,105204,142051,NW_BK
36047014200,88545,113549,BK_rest
36047014700,88545,113549,BK_rest
36047014800,88545,113549,BK_rest
36047014901,105204,142051,NW_BK
36047014902,88545,113549,BK_rest
36047015000,88545,113549,BK_rest
36047015100,105204,142051,NW_BK
36047015200,88545,113549,BK_rest
36047015300,105204,142051,NW_BK
36047015400,88545,113549,BK_rest
36047015500,105204,142051,NW_BK
36047015700,105204,142051,NW_BK
36047015900,105204,142051,NW_BK
36047016000,88545,113549,BK_rest
36047016100,88545,113549,BK_rest
36047016200,88545,113549,BK_rest
36047016300,88545,113549,BK_rest
36047016400,88545,113549,BK_rest
36047016500,105204,142051,NW_BK
36047016600,88545,113549,BK_rest
36047016700,105204,142051,NW_BK
36047016800,88545,113549,BK_rest
36047016900,88545,113549,BK_rest
36047017000,88545,113549,BK_rest
36047017200,88545,113549,BK_rest
36047017400,88545,113549,BK_rest
36047017500,88545,113549,BK_rest
36047017600,88545,113549,BK_rest
36047017800,88545,113549,BK_rest
36047017900,105204,142051,NW_BK
36047018000,88545,113549,BK_rest
36047018100,105204,142051,NW_BK
36047018200,88545,113549,BK_rest
36047018300,105204,142051,NW_BK
36047018400,88545,113549,BK_rest
36047018501,105204,142051,NW_BK
36047018600,88545,113549,BK_rest
36047018700,105204,142051,NW_BK
36047018800,88545,113549,BK_rest
36047019000,88545,113549,BK_rest
36047019100,105204,142051,NW_BK
36047019200,88545,113549,BK_rest
36047019300,105204,142051,NW_BK
36047019400,88545,113549,BK_rest
36047019500,105204,142051,NW_BK
36047019600,88545,113549,BK_rest
36047019700,105204,142051,NW_BK
36047019800,88545,113549,BK_rest
36047019900,105204,142051,NW_BK
36047020000,88545,113549,BK_rest
36047020100,105204,142051,NW_BK
36047020200,88545,113549,BK_rest
36047020300,88545,113549,BK_rest
36047020400,88545,113549,BK_rest
36047020500,88545,113549,BK_rest
36047020600,88545,113549,BK_rest
36047020700,88545,113549,BK_rest
36047020800,88545,113549,BK_rest
36047021000,88545,113549,BK_rest
36047021100,105204,142051,NW_BK
36047021200,88545,113549,BK_rest
36047021300,88545,113549,BK_rest
36047021400,88545,113549,BK_rest
36047021500,88545,113549,BK_rest
36047021600,88545,113549,BK_rest
36047021700,88545,113549,BK_rest
36047021800,88545,113549,BK_rest
36047021900,88545,113549,BK_rest
36047022000,88545,113549,BK_rest
36047022100,88545,113549,BK_rest
36047022200,88545,113549,BK_rest
36047022400,88545,113549,BK_rest
36047022600,88545,113549,BK_rest
36047022700,88545,113549,BK_rest
36047022800,88545,113549,BK_rest
36047022900,88545,113549,BK_rest
36047023000,88545,113549,BK_rest
36047023100,105204,142051,NW_BK
36047023200,88545,113549,BK_rest
36047023300,88545,113549,BK_rest
36047023400,88545,113549,BK_rest
36047023500,88545,113549,BK_rest
36047023600,88545,113549,BK_rest
36047023800,88545,113549,BK_rest
36047024000,88545,113549,BK_rest
36047024100,88545,113549,BK_rest
36047024200,88545,113549,BK_rest
36047024300,88545,113549,BK_rest
36047024400,88545,113549,BK_rest
36047024500,88545,113549,BK_rest
36047024600,88545,113549,BK_rest
36047024700,88545,113549,BK_rest
36047024800,88545,113549,BK_rest
36047024900,88545,113549,BK_rest
36047025000,88545,113549,BK_rest
36047025100,88545,113549,BK_rest
36047025200,88545,113549,BK_rest
36047025300,88545,113549,BK_rest
36047025400,88545,113549,BK_rest
36047025500,88545,113549,BK_rest
36047025600,88545,113549,BK_rest
36047025700,88545,113549,BK_rest
36047025800,88545,113549,BK_rest
36047025901,88545,113549,BK_rest
36047025902,88545,113549,BK_rest
36047026000,88545,113549,BK_rest
36047026100,88545,113549,BK_rest
36047026200,88545,113549,BK_rest
36047026300,88545,113549,BK_rest
36047026400,88545,113549,BK_rest
36047026500,88545,113549,BK_rest
36047026600,88545,113549,BK_rest
36047026700,88545,113549,BK_rest
36047026800,88545,113549,BK_rest
36047026900,88545,113549,BK_rest
36047027000,88545,113549,BK_rest
36047027100,88545,113549,BK_rest
36047027200,88545,113549,BK_rest
36047027300,88545,113549,BK_rest
36047027400,88545,113549,BK_rest
36047027500,88545,113549,BK_rest
36047027600,88545,113549,BK_rest
36047027700,88545,113549,BK_rest
36047027800,88545,113549,BK_rest
36047027900,88545,113549,BK_rest
36047028000,88545,113549,BK_rest
36047028100,88545,113549,BK_rest
36047028200,88545,113549,BK_rest
36047028300,88545,113549,BK_rest
36047028400,88545,113549,BK_rest
36047028501,88545,113549,BK_rest
36047028502,88545,113549,BK_rest
36047028600,88545,113549,BK_rest
36047028700,88545,113549,BK_rest
36047028800,88545,113549,BK_rest
36047029000,88545,113549,BK_rest
36047029100,88545,113549,BK_rest
36047029200,88545,113549,BK_rest
36047029300,88545,113549,BK_rest
36047029400,88545,113549,BK_rest
36047029500,88545,113549,BK_rest
36047029600,88545,113549,BK_rest
36047029700,88545,113549,BK_rest
36047029800,88545,113549,BK_rest
36047029900,88545,113549,BK_rest
36047030000,88545,113549,BK_rest
36047030000,88545,113549,BK_rest
36047030000,88545,113549,BK_rest
36047030000,88545,113549,BK_rest
36047030000,88545,113549,BK_rest
36047030000,88545,113549,BK_rest
36047030000,88545,113549,BK_rest
36047030000,88545,113549,BK_rest
36047030100,88545,113549,BK_rest
36047030200,88545,113549,BK_rest
36047030200,88545,113549,BK_rest
36047030200,88545,113549,BK_rest
36047030200,88545,113549,BK_rest
36047030200,88545,113549,BK_rest
36047030200,88545,113549,BK_rest
36047030200,88545,113549,BK_rest
36047030200,88545,113549,BK_rest
36047030300,88545,113549,BK_rest
36047030400,88545,113549,BK_rest
36047030500,88545,113549,BK_rest
36047030600,88545,113549,BK_rest
36047030700,88545,113549,BK_rest
36047030800,88545,113549,BK_rest
36047030900,88545,113549,BK_rest
36047031100,88545,113549,BK_rest
36047031300,88545,113549,BK_rest
36047031401,88545,113549,BK_rest
36047031402,88545,113549,BK_rest
36047031500,88545,113549,BK_rest
36047031701,88545,113549,BK_rest
36047031702,88545,113549,BK_rest
36047031900,88545,113549,BK_rest
36047032100,88545,113549,BK_rest
36047032300,88545,113549,BK_rest
36047032500,88545,113549,BK_rest
36047032600,88545,113549,BK_rest
36047032800,88545,113549,BK_rest
36047032900,88545,113549,BK_rest
36047033000,88545,113549,BK_rest
36047033100,88545,113549,BK_rest
36047033300,88545,113549,BK_rest
36047033500,88545,113549,BK_rest
36047033600,88545,113549,BK_rest
36047033701,88545,113549,BK_rest
36047033702,88545,113549,BK_rest
36047033900,88545,113549,BK_rest
36047034000,88545,113549,BK_rest
36047034100,88545,113549,BK_rest
36047034200,88545,113549,BK_rest
36047034300,88545,113549,BK_rest
36047034500,88545,113549,BK_rest
36047034700,88545,113549,BK_rest
36047034800,88545,113549,BK_rest
36047034901,88545,113549,BK_rest
36047034901,88545,113549,BK_rest
36047034901,88545,113549,BK_rest
36047034901,88545,113549,BK_rest
36047034901,88545,113549,BK_rest
36047034901,88545,113549,BK_rest
36047034901,88545,113549,BK_rest
36047034901,88545,113549,BK_rest
36047034902,88545,113549,BK_rest
36047035000,88545,113549,BK_rest
36047035101,88545,113549,BK_rest
36047035102,88545,113549,BK_rest
36047035200,88545,113549,BK_rest
36047035301,88545,113549,BK_rest
36047035302,88545,113549,BK_rest
36047035500,88545,113549,BK_rest
36047035601,88545,113549,BK_rest
36047035602,88545,113549,BK_rest
36047035701,88545,113549,BK_rest
36047035701,88545,113549,BK_rest
36047035701,88545,113549,BK_rest
36047035701,88545,113549,BK_rest
36047035701,88545,113549,BK_rest
36047035701,88545,113549,BK_rest
36047035701,88545,113549,BK_rest
36047035701,88545,113549,BK_rest
36047035702,88545,113549,BK_rest
36047035900,88545,113549,BK_rest
36047036001,88545,113549,BK_rest
36047036002,88545,113549,BK_rest
36047036100,88545,113549,BK_rest
36047036200,88545,113549,BK_rest
36047036300,88545,113549,BK_rest
36047036400,88545,113549,BK_rest
36047036501,88545,113549,BK_rest
36047036700,88545,113549,BK_rest
36047036900,88545,113549,BK_rest
36047037000,88545,113549,BK_rest
36047037100,88545,113549,BK_rest
36047037300,88545,113549,BK_rest
36047037401,88545,113549,BK_rest
36047037402,88545,113549,BK_rest
36047037500,88545,113549,BK_rest
36047037700,88545,113549,BK_rest
36047037900,88545,113549,BK_rest
36047038100,88545,113549,BK_rest
36047038200,88545,113549,BK_rest
36047038300,88545,113549,BK_rest
36047038500,88545,113549,BK_rest
36047038600,88545,113549,BK_rest
36047038800,88545,113549,BK_rest
36047038900,88545,113549,BK_rest
36047039000,88545,113549,BK_rest
36047039100,88545,113549,BK_rest
36047039200,88545,113549,BK_rest
36047039400,88545,113549,BK_rest
36047039600,88545,113549,BK_rest
36047039700,88545,113549,BK_rest
36047039800,88545,113549,BK_rest
36047039900,88545,113549,BK_rest
36047040000,88545,113549,BK_rest
36047040100,88545,113549,BK_rest
36047040200,88545,113549,BK_rest
36047040300,88545,113549,BK_rest
36047040400,88545,113549,BK_rest
36047040500,88545,113549,BK_rest
36047040600,88545,113549,BK_rest
36047040700,88545,113549,BK_rest
36047040700,88545,113549,BK_rest
36047040800,88545,113549,BK_rest
36047040900,88545,113549,BK_rest
36047041000,88545,113549,BK_rest
36047041100,88545,113549,BK_rest
36047041200,88545,113549,BK_rest
36047041300,88545,113549,BK_rest
36047041401,88545,113549,BK_rest
36047041402,88545,113549,BK_rest
36047041500,88545,113549,BK_rest
36047041600,88545,113549,BK_rest
36047041700,88545,113549,BK_rest
36047041800,88545,113549,BK_rest
36047041900,88545,113549,BK_rest
36047042000,88545,113549,BK_rest
36047042100,88545,113549,BK_rest
36047042200,88545,113549,BK_rest
36047042300,88545,113549,BK_rest
36047042400,88545,113549,BK_rest
36047042500,88545,113549,BK_rest
36047042600,88545,113549,BK_rest
36047042700,88545,113549,BK_rest
36047042800,88545,113549,BK_rest
36047042900,88545,113549,BK_rest
36047043000,88545,113549,BK_rest
36047043100,88545,113549,BK_rest
36047043200,88545,113549,BK_rest
36047043300,88545,113549,BK_rest
36047043400,88545,113549,BK_rest
36047043500,88545,113549,BK_rest
36047043600,88545,113549,BK_rest
36047043700,88545,113549,BK_rest
36047043800,88545,113549,BK_rest
36047043900,88545,113549,BK_rest
36047044000,88545,113549,BK_rest
36047044100,88545,113549,BK_rest
36047044200,88545,113549,BK_rest
36047044300,88545,113549,BK_rest
36047044400,88545,113549,BK_rest
36047044500,88545,113549,BK_rest
36047044600,88545,113549,BK_rest
36047044700,88545,113549,BK_rest
36047044800,88545,113549,BK_rest
36047044901,105204,142051,NW_BK
36047044902,105204,142051,NW_BK
36047045000,88545,113549,BK_rest
36047045200,88545,113549,BK_rest
36047045300,105204,142051,NW_BK
36047045400,88545,113549,BK_rest
36047045600,88545,113549,BK_rest
36047045800,88545,113549,BK_rest
36047046201,88545,113549,BK_rest
36047046202,88545,113549,BK_rest
36047046400,88545,113549,BK_rest
36047046800,88545,113549,BK_rest
36047047000,88545,113549,BK_rest
36047047200,88545,113549,BK_rest
36047047400,88545,113549,BK_rest
36047047600,88545,113549,BK_rest
36047047700,105204,142051,NW_BK
36047047800,88545,113549,BK_rest
36047048000,88545,113549,BK_rest
36047048100,105204,142051,NW_BK
36047048200,88545,113549,BK_rest
36047048400,88545,113549,BK_rest
36047048500,105204,142051,NW_BK
36047048600,88545,113549,BK_rest
36047048800,88545,113549,BK_rest
36047048900,105204,142051,NW_BK
36047049000,88545,113549,BK_rest
36047049100,105204,142051,NW_BK
36047049200,88545,113549,BK_rest
36047049301,105204,142051,NW_BK
36047049302,105204,142051,NW_BK
36047049400,88545,113549,BK_rest
36047049500,105204,142051,NW_BK
36047049600,88545,113549,BK_rest
36047049700,105204,142051,NW_BK
36047049800,88545,113549,BK_rest
36047049900,105204,142051,NW_BK
36047050002,88545,113549,BK_rest
36047050100,105204,142051,NW_BK
36047050300,105204,142051,NW_BK
36047050402,88545,113549,BK_rest
36047050500,105204,142051,NW_BK
36047050700,105204,142051,NW_BK
36047050801,88545,113549,BK_rest
36047050804,88545,113549,BK_rest
36047050900,105204,142051,NW_BK
36047051001,88545,113549,BK_rest
36047051002,88545,113549,BK_rest
36047051100,105204,142051,NW_BK
36047051300,105204,142051,NW_BK
36047051400,88545,113549,BK_rest
36047051500,105204,142051,NW_BK
36047051601,88545,113549,BK_rest
36047051602,88545,113549,BK_rest
36047051700,105204,142051,NW_BK
36047051800,88545,113549,BK_rest
36047051900,105204,142051,NW_BK
36047052000,88545,113549,BK_rest
36047052300,105204,142051,NW_BK
36047052500,105204,142051,NW_BK
36047052600,88545,113549,BK_rest
36047052700,105204,142051,NW_BK
36047052800,88545,113549,BK_rest
36047052800,88545,113549,BK_rest
36047052900,105204,142051,NW_BK
36047053000,88545,113549,BK_rest
36047053101,105204,142051,NW_BK
36047053102,105204,142051,NW_BK
36047053200,88545,113549,BK_rest
36047053300,105204,142051,NW_BK
36047053400,88545,113549,BK_rest
36047053500,105204,142051,NW_BK
36047053700,105204,142051,NW_BK
36047053800,88545,113549,BK_rest
36047053900,105204,142051,NW_BK
36047054200,88545,113549,BK_rest
36047054400,88545,113549,BK_rest
36047054600,88545,113549,BK_rest
36047054700,105204,142051,NW_BK
36047054800,88545,113549,BK_rest
36047054900,105204,142051,NW_BK
36047055000,88545,113549,BK_rest
36047055100,105204,142051,NW_BK
36047055200,88545,113549,BK_rest
36047055300,105204,142051,NW_BK
36047055400,88545,113549,BK_rest
36047055600,88545,113549,BK_rest
36047055700,105204,142051,NW_BK
36047055800,88545,113549,BK_rest
36047056000,88545,113549,BK_rest
36047056100,105204,142051,NW_BK
36047056200,88545,113549,BK_rest
36047056301,105204,142051,NW_BK
36047056400,88545,113549,BK_rest
36047056500,105204,142051,NW_BK
36047056600,88545,113549,BK_rest
36047056800,88545,113549,BK_rest
36047056900,105204,142051,NW_BK
36047057000,88545,113549,BK_rest
36047057100,105204,142051,NW_BK
36047057200,88545,113549,BK_rest
36047057300,105204,142051,NW_BK
36047057400,88545,113549,BK_rest
36047057500,105204,142051,NW_BK
36047057600,88545,113549,BK_rest
36047057800,88545,113549,BK_rest
36047058000,88545,113549,BK_rest
36047058200,88545,113549,BK_rest
36047058400,88545,113549,BK_rest
36047058600,88545,113549,BK_rest
36047058800,88545,113549,BK_rest
36047058901,105204,142051,NW_BK
36047058902,105204,142051,NW_BK
36047059000,88545,113549,BK_rest
36047059100,105204,142051,NW_BK
36047059200,88545,113549,BK_rest
36047059300,105204,142051,NW_BK
36047059402,88545,113549,BK_rest
36047059403,88545,113549,BK_rest
36047059404,88545,113549,BK_rest
36047059600,88545,113549,BK_rest
36047059800,88545,113549,BK_rest
36047060000,88545,113549,BK_rest
36047060600,88545,113549,BK_rest
36047060800,88545,113549,BK_rest
36047061002,88545,113549,BK_rest
36047061003,88545,113549,BK_rest
36047061004,88545,113549,BK_rest
36047061200,88545,113549,BK_rest
36047061600,88545,113549,BK_rest
36047062000,88545,113549,BK_rest
36047062200,88545,113549,BK_rest
36047063200,88545,113549,BK_rest
36047063600,88545,113549,BK_rest
36047064000,88545,113549,BK_rest
36047064200,88545,113549,BK_rest
36047064400,88545,113549,BK_rest
36047064600,88545,113549,BK_rest
36047064800,88545,113549,BK_rest
36047065000,88545,113549,BK_rest
36047065200,88545,113549,BK_rest
36047065400,88545,113549,BK_rest
36047065600,88545,113549,BK_rest
36047065800,88545,113549,BK_rest
36047066000,88545,113549,BK_rest
36047067000,88545,113549,BK_rest
36047067200,88545,113549,BK_rest
36047067400,88545,113549,BK_rest
36047067600,88545,113549,BK_rest
36047067800,88545,113549,BK_rest
36047068000,88545,113549,BK_rest
36047068200,88545,113549,BK_rest
36047068600,88545,113549,BK_rest
36047068800,88545,113549,BK_rest
36047069000,88545,113549,BK_rest
36047069200,88545,113549,BK_rest
36047069601,88545,113549,BK_rest
36047070000,88545,113549,BK_rest
36047070201,88545,113549,BK_rest
36047072000,88545,113549,BK_rest
36047072200,88545,113549,BK_rest
36047072400,88545,113549,BK_rest
36047072600,88545,113549,BK_rest
36047072800,88545,113549,BK_rest
36047073000,88545,113549,BK_rest
36047073200,88545,113549,BK_rest
36047073400,88545,113549,BK_rest
36047073600,88545,113549,BK_rest
36047073800,88545,113549,BK_rest
36047074000,88545,113549,BK_rest
36047074200,88545,113549,BK_rest
36047074400,88545,113549,BK_rest
36047074600,88545,113549,BK_rest
36047074800,88545,113549,BK_rest
36047075000,88545,113549,BK_rest
36047075200,88545,113549,BK_rest
36047075400,88545,113549,BK_rest
36047075600,88545,113549,BK_rest
36047075800,88545,113549,BK_rest
36047076000,88545,113549,BK_rest
36047076200,88545,113549,BK_rest
36047076400,88545,113549,BK_rest
36047076600,88545,113549,BK_rest
36047076800,88545,113549,BK_rest
36047077000,88545,113549,BK_rest
36047077200,88545,113549,BK_rest
36047077200,88545,113549,BK_rest
36047077600,88545,113549,BK_rest
36047078000,88545,113549,BK_rest
36047078200,88545,113549,BK_rest
36047078400,88545,113549,BK_rest
36047078601,88545,113549,BK_rest
36047078602,88545,113549,BK_rest
36047078801,88545,113549,BK_rest
36047078802,88545,113549,BK_rest
36047079001,88545,113549,BK_rest
36047079002,88545,113549,BK_rest
36047079201,88545,113549,BK_rest
36047079202,88545,113549,BK_rest
36047079400,88545,113549,BK_rest
36047079601,88545,113549,BK_rest
36047079602,88545,113549,BK_rest
36047079801,88545,113549,BK_rest
36047080000,88545,113549,BK_rest
36047080200,88545,113549,BK_rest
36047080400,88545,113549,BK_rest
36047080600,88545,113549,BK_rest
36047080800,88545,113549,BK_rest
36047081000,88545,113549,BK_rest
36047081400,88545,113549,BK_rest
36047081600,88545,113549,BK_rest
36047081800,88545,113549,BK_rest
36047082000,88545,113549,BK_rest
36047082200,88545,113549,BK_rest
36047082400,88545,113549,BK_rest
36047082600,88545,113549,BK_rest
36047082800,88545,113549,BK_rest
36047083000,88545,113549,BK_rest
36047083200,88545,113549,BK_rest
36047083400,88545,113549,BK_rest
36047083600,88545,113549,BK_rest
36047083800,88545,113549,BK_rest
36047084000,88545,113549,BK_rest
36047084600,88545,113549,BK_rest
36047084800,88545,113549,BK_rest
36047085000,88545,113549,BK_rest
36047085200,88545,113549,BK_rest
36047085200,88545,113549,BK_rest
36047085600,88545,113549,BK_rest
36047085800,88545,113549,BK_rest
36047086000,88545,113549,BK_rest
36047086200,88545,113549,BK_rest
36047086400,88545,113549,BK_rest
36047086600,88545,113549,BK_rest
36047086800,88545,113549,BK_rest
36047087000,88545,113549,BK_rest
36047087200,88545,113549,BK_rest
36047087401,88545,113549,BK_rest
36047087600,88545,113549,BK_rest
36047087800,88545,113549,BK_rest
36047088001,88545,113549,BK_rest
36047088002,88545,113549,BK_rest
36047088200,88545,113549,BK_rest
36047088400,88545,113549,BK_rest
36047088600,88545,113549,BK_rest
36047088800,88545,113549,BK_rest
36047089000,88545,113549,BK_rest
36047089200,88545,113549,BK_rest
36047089400,88545,113549,BK_rest
36047089600,88545,113549,BK_rest
36047089800,88545,113549,BK_rest
36047090000,88545,113549,BK_rest
36047090200,88545,113549,BK_rest
36047090600,88545,113549,BK_rest
36047090800,88545,113549,BK_rest
36047091000,88545,113549,BK_rest
36047091200,88545,113549,BK_rest
36047091600,88545,113549,BK_rest
36047091800,88545,113549,BK_rest
36047092000,88545,113549,BK_rest
36047092200,88545,113549,BK_rest
36047092400,88545,113549,BK_rest
36047092800,88545,113549,BK_rest
36047093000,88545,113549,BK_rest
36047093200,88545,113549,BK_rest
36047093400,88545,113549,BK_rest
36047093600,88545,113549,BK_rest
36047093800,88545,113549,BK_rest
36047094401,88545,113549,BK_rest
36047094402,88545,113549,BK_rest
36047094600,88545,113549,BK_rest
36047095000,88545,113549,BK_rest
36047095600,88545,113549,BK_rest
36047095800,88545,113549,BK_rest
36047096200,88545,113549,BK_rest
36047096400,88545,113549,BK_rest
36047096600,88545,113549,BK_rest
36047096800,88545,113549,BK_rest
36047097000,88545,113549,BK_rest
36047097400,88545,113549,BK_rest
36047098200,88545,113549,BK_rest
36047098400,88545,113549,BK_rest
36047098600,88545,113549,BK_rest
36047098800,88545,113549,BK_rest
36047099000,88545,113549,BK_rest
36047099200,88545,113549,BK_rest
36047099400,88545,113549,BK_rest
36047100400,88545,113549,BK_rest
36047100600,88545,113549,BK_rest
36047100800,88545,113549,BK_rest
36047101000,88545,113549,BK_rest
36047101200,88545,113549,BK_rest
36047101400,88545,113549,BK_rest
36047101600,88545,113549,BK_rest
36047101600,88545,113549,BK_rest
36047102000,88545,113549,BK_rest
36047102200,88545,113549,BK_rest
36047102400,88545,113549,BK_rest
36047102600,88545,113549,BK_rest
36047102801,88545,113549,BK_rest
36047102802,88545,113549,BK_rest
36047103401,88545,113549,BK_rest
36047103402,88545,113549,BK_rest
36047105801,88545,113549,BK_rest
36047107001,88545,113549,BK_rest
36047107003,88545,113549,BK_rest
36047107800,88545,113549,BK_rest
36047109800,88545,113549,BK_rest
36047110400,88545,113549,BK_rest
36047110600,88545,113549,BK_rest
36047111000,88545,113549,BK_rest
36047111600,88545,113549,BK_rest
36047111800,88545,113549,BK_rest
36047112000,88545,113549,BK_rest
36047112200,88545,113549,BK_rest
36047112400,88545,113549,BK_rest
36047112600,88545,113549,BK_rest
36047112800,88545,113549,BK_rest
36047113000,88545,113549,BK_rest
36047113200,88545,113549,BK_rest
36047113400,88545,113549,BK_rest
36047114202,88545,113549,BK_rest
36047114600,88545,113549,BK_rest
36047115000,88545,113549,BK_rest
36047115200,88545,113549,BK_rest
36047115600,88545,113549,BK_rest
36047115800,88545,113549,BK_rest
36047116000,88545,113549,BK_rest
36047116200,88545,113549,BK_rest
36047116400,88545,113549,BK_rest
36047116600,88545,113549,BK_rest
36047116800,88545,113549,BK_rest
36047117000,88545,113549,BK_rest
36047117201,88545,113549,BK_rest
36047117202,88545,113549,BK_rest
36047117400,88545,113549,BK_rest
36047117601,88545,113549,BK_rest
36047117602,88545,113549,BK_rest
36047117800,88545,113549,BK_rest
36047118000,88545,113549,BK_rest
36047118201,88545,113549,BK_rest
36047118202,88545,113549,BK_rest
36047118400,88545,113549,BK_rest
36047118800,88545,113549,BK_rest
36047119000,88545,113549,BK_rest
36047119200,88545,113549,BK_rest
36047119400,88545,113549,BK_rest
36047119600,88545,113549,BK_rest
36047119800,88545,113549,BK_rest
36047120000,88545,113549,BK_rest
36047120200,88545,113549,BK_rest
36047120801,88545,113549,BK_rest
36047120802,88545,113549,BK_rest
36047120803,88545,113549,BK_rest
36047121000,88545,113549,BK_rest
36047121400,88545,113549,BK_rest
36047122000,88545,113549,BK_rest
36047123700,88545,113549,BK_rest
36061014300,130802,151723,S_Manhattan
36081032000,92275,115496,Queens
36081068000,92275,115496,Queens
36081048302,92275,115496,Queens
36005007100,85507,107246,Bronx
36005007500,85507,107246,Bronx
36005014100,85507,107246,Bronx
36005018502,85507,107246,Bronx
36081024500,92275,115496,Queens
36081024700,92275,115496,Queens
36085014606,88176,110453,Staten Island
36047070202,88545,113549,BK_rest
36047070602,88545,113549,BK_rest
36047007500,105204,142051,NW_BK
36047007700,105204,142051,NW_BK
36081056800,92275,115496,Queens
36081058000,92275,115496,Queens
36081013700,92275,115496,Queens
36081014100,92275,115496,Queens
36047105804,88545,113549,BK_rest
36047107002,88545,113549,BK_rest
36005033400,85507,107246,Bronx
36005037600,85507,107246,Bronx
36005017300,85507,107246,Bronx
36005033700,91898,123688,N_Manhattan
36005034500,91898,123688,N_Manhattan
36005011502,85507,107246,Bronx
36081051100,92275,115496,Queens
36081060701,92275,115496,Queens
36005003700,85507,107246,Bronx
36061014700,130802,151723,S_Manhattan
36061015102,130802,151723,S_Manhattan
36061008601,130802,151723,S_Manhattan
36061008800,130802,151723,S_Manhattan
36005006000,85507,107246,Bronx
36005022000,85507,107246,Bronx
36061008602,130802,151723,S_Manhattan
36061009000,130802,151723,S_Manhattan
36047050803,88545,113549,BK_rest
36047079802,88545,113549,BK_rest
36005006100,85507,107246,Bronx
36005025700,85507,107246,Bronx
36061029900,91898,123688,N_Manhattan
36047152200,88545,113549,BK_rest
36005005300,85507,107246,Bronx
36005024700,85507,107246,Bronx
36081060300,92275,115496,Queens
36081061301,92275,115496,Queens
36081089201,92275,115496,Queens
36081006201,92275,115496,Queens
36081088400,92275,115496,Queens
36005018301,85507,107246,Bronx
36005019500,85507,107246,Bronx
36005005902,85507,107246,Bronx
36085014604,88176,110453,Staten Island
36085014605,88176,110453,Staten Island
36081029100,92275,115496,Queens
36081029300,92275,115496,Queens
36085005901,88176,110453,Staten Island
36047051200,88545,113549,BK_rest
36081032900,92275,115496,Queens
36005011000,85507,107246,Bronx
36005016600,85507,107246,Bronx
36005019400,85507,107246,Bronx
36081001800,92275,115496,Queens
36081002000,92275,115496,Queens
36047050600,88545,113549,BK_rest
36081049900,92275,115496,Queens
36081050700,92275,115496,Queens
36061024000,91898,123688,N_Manhattan
36005001902,85507,107246,Bronx
36005001902,85507,107246,Bronx
36047006300,105204,142051,NW_BK
36047005100,105204,142051,NW_BK
36047005900,105204,142051,NW_BK
36081038100,92275,115496,Queens
36085021300,88176,110453,Staten Island
36085024700,88176,110453,Staten Island
36005005100,85507,107246,Bronx
36005006301,85507,107246,Bronx
36061029700,91898,123688,N_Manhattan
36061030300,91898,123688,N_Manhattan
36085019800,88176,110453,Staten Island
36085020803,88176,110453,Staten Island
36047035400,88545,113549,BK_rest
36047036600,88545,113549,BK_rest
36081003700,92275,115496,Queens
36081003900,92275,115496,Queens
36081034700,92275,115496,Queens
36005015700,85507,107246,Bronx
36005016100,85507,107246,Bronx
36061031703,130802,151723,S_Manhattan
36061031704,130802,151723,S_Manhattan
36085029106,88176,110453,Staten Island
36047001300,105204,142051,NW_BK
36085013203,88176,110453,Staten Island
36085013204,88176,110453,Staten Island
36085013201,88176,110453,Staten Island
36085013800,88176,110453,Staten Island
36061011700,130802,151723,S_Manhattan
36061012901,130802,151723,S_Manhattan
36047017100,88545,113549,BK_rest
36047050202,88545,113549,BK_rest
36047050001,88545,113549,BK_rest
36047150200,88545,113549,BK_rest
36081056400,92275,115496,Queens
36061023900,91898,123688,N_Manhattan
36061024500,91898,123688,N_Manhattan
36047054300,105204,142051,NW_BK
36047054500,105204,142051,NW_BK
36081030904,92275,115496,Queens
36081030905,92275,115496,Queens
36047069602,88545,113549,BK_rest
36047070601,88545,113549,BK_rest
36081069000,92275,115496,Queens
36081069400,92275,115496,Queens
36085017016,88176,110453,Staten Island
36085022802,88176,110453,Staten Island
36005005600,85507,107246,Bronx
36005006200,85507,107246,Bronx
36081127700,92275,115496,Queens
36061001300,130802,151723,S_Manhattan
36061002100,130802,151723,S_Manhattan
36005021601,85507,107246,Bronx
36005021602,85507,107246,Bronx
36061024302,91898,123688,N_Manhattan
36061031100,91898,123688,N_Manhattan
36081138502,92275,115496,Queens
36081152901,92275,115496,Queens
36081047600,92275,115496,Queens
36081128300,92275,115496,Queens
36047014102,88545,113549,BK_rest
36047010100,88545,113549,BK_rest
36081024300,92275,115496,Queens
36081048900,92275,115496,Queens
36047014500,88545,113549,BK_rest
36047011700,105204,142051,NW_BK
36047014300,88545,113549,BK_rest
36005021001,85507,107246,Bronx
36081021900,92275,115496,Queens
36081053502,92275,115496,Queens
36061000202,130802,151723,S_Manhattan
36047002100,105204,142051,NW_BK
36047038700,88545,113549,BK_rest
36047039500,88545,113549,BK_rest
36047028900,88545,113549,BK_rest
36047039300,88545,113549,BK_rest
36005009302,85507,107246,Bronx
36081003600,92275,115496,Queens
36047118600,88545,113549,BK_rest
36047032700,88545,113549,BK_rest
36005003500,85507,107246,Bronx
36005007300,85507,107246,Bronx
36085007500,88176,110453,Staten Island
36085007700,88176,110453,Staten Island
36081001902,92275,115496,Queens
36081047500,92275,115496,Queens
36081068700,92275,115496,Queens
36085014100,88176,110453,Staten Island
36085012500,88176,110453,Staten Island
36085014700,88176,110453,Staten Island
36061000800,130802,151723,S_Manhattan
36047036502,88545,113549,BK_rest
36047114400,88545,113549,BK_rest
36061006200,130802,151723,S_Manhattan
36047056302,105204,142051,NW_BK
36081103201,92275,115496,Queens
36081103202,92275,115496,Queens
36005004100,85507,107246,Bronx
36005004300,85507,107246,Bronx
36047095400,88545,113549,BK_rest
36047096000,88545,113549,BK_rest
36047057901,105204,142051,NW_BK
36047057902,105204,142051,NW_BK
36047099600,88545,113549,BK_rest
36047099800,88545,113549,BK_rest
36081017101,92275,115496,Queens
36081017102,92275,115496,Queens
36061010602,130802,151723,S_Manhattan
36061011600,130802,151723,S_Manhattan
36061011401,130802,151723,S_Manhattan
36005023800,85507,107246,Bronx
36005024000,85507,107246,Bronx
36061004200,130802,151723,S_Manhattan
36061005700,130802,151723,S_Manhattan
36061028700,91898,123688,N_Manhattan
36061029100,91898,123688,N_Manhattan
36081099100,92275,115496,Queens
36081099705,92275,115496,Queens
36081021601,92275,115496,Queens
36081038302,92275,115496,Queens
36005035100,91898,123688,N_Manhattan
36005035100,91898,123688,N_Manhattan
36061023802,130802,151723,S_Manhattan
36061023803,130802,151723,S_Manhattan
36085001800,88176,110453,Staten Island
36005013800,85507,107246,Bronx
36085002002,88176,110453,Staten Island
36061001501,130802,151723,S_Manhattan
36061002901,130802,151723,S_Manhattan
36061002700,130802,151723,S_Manhattan
36061002902,130802,151723,S_Manhattan
36047062600,88545,113549,BK_rest
36047062800,88545,113549,BK_rest
36085011204,88176,110453,Staten Island
36085012804,88176,110453,Staten Island
36047066200,88545,113549,BK_rest
36047066600,88545,113549,BK_rest
36047066600,88545,113549,BK_rest
36061002400,130802,151723,S_Manhattan
36047055500,105204,142051,NW_BK
36047017700,105204,142051,NW_BK
36047050401,88545,113549,BK_rest
