GEOID,Mo_period_1_nearest,Mo_period_1_tt,Mo_period_1_tt_3,Mo_period_2_nearest,Mo_period_2_tt,Mo_period_2_tt_3,Mo_period_3_nearest,Mo_period_3_tt,Mo_period_3_tt_3,Mo_period_4_nearest,Mo_period_4_tt,Mo_period_4_tt_3,Tu_period_1_nearest,Tu_period_1_tt,Tu_period_1_tt_3,Tu_period_2_nearest,Tu_period_2_tt,Tu_period_2_tt_3,Tu_period_3_nearest,Tu_period_3_tt,Tu_period_3_tt_3,Tu_period_4_nearest,Tu_period_4_tt,Tu_period_4_tt_3,We_period_1_nearest,We_period_1_tt,We_period_1_tt_3,We_period_2_nearest,We_period_2_tt,We_period_2_tt_3,We_period_3_nearest,We_period_3_tt,We_period_3_tt_3,We_period_4_nearest,We_period_4_tt,We_period_4_tt_3,Th_period_1_nearest,Th_period_1_tt,Th_period_1_tt_3,Th_period_2_nearest,Th_period_2_tt,Th_period_2_tt_3,Th_period_3_nearest,Th_period_3_tt,Th_period_3_tt_3,Th_period_4_nearest,Th_period_4_tt,Th_period_4_tt_3,Fr_period_1_nearest,Fr_period_1_tt,Fr_period_1_tt_3,Fr_period_2_nearest,Fr_period_2_tt,Fr_period_2_tt_3,Fr_period_3_nearest,Fr_period_3_tt,Fr_period_3_tt_3,Fr_period_4_nearest,Fr_period_4_tt,Fr_period_4_tt_3,Sa_period_1_nearest,Sa_period_1_tt,Sa_period_1_tt_3,Sa_period_2_nearest,Sa_period_2_tt,Sa_period_2_tt_3,Sa_period_3_nearest,Sa_period_3_tt,Sa_period_3_tt_3,Sa_period_4_nearest,Sa_period_4_tt,Sa_period_4_tt_3,Su_period_1_nearest,Su_period_1_tt,Su_period_1_tt_3,Su_period_2_nearest,Su_period_2_tt,Su_period_2_tt_3,Su_period_3_nearest,Su_period_3_tt,Su_period_3_tt_3,Su_period_4_nearest,Su_period_4_tt,Su_period_4_tt_3
36085000300,85343,11.46,54.2,85343,11.46,16.01,83916,74.56,85.2,83916,74.56,74.56,85437,18.89,27.82,83522,11.4,18.13,85449,4.91,16.29,81559,60.8,65.54,85343,11.46,54.55,85343,11.46,16.79,84802,46.1,58.88,83916,74.56,74.56,85343,11.46,34.97,85343,11.46,18.15,Plentiful-1396,10.13,46.89,83916,74.56,95.41,83916,74.56,77.25,85326,20.37,57.55,85326,20.37,57.76,83916,74.56,74.56,83656,23.31,43.91,81047,19.69,25.62,83916,74.56,76.14,83916,74.56,74.56,83916,74.56,74.56,85326,20.37,49.91,85326,20.37,34.05,Plentiful-1511,40.88,40.88
36085000600,85343,35.26,37.1,85343,35.26,37.1,84301,38.02,75.58,83916,96.24,96.24,85356,27.44,29.23,81039,22.67,24.21,Plentiful-1345,23.76,33.79,FPC-710,39.61,58.72,85343,35.26,37.1,81039,22.67,31.98,84802,30.81,49.76,83916,96.24,96.24,85437,27.88,33.72,81039,22.67,26.09,84301,38.02,57.42,83916,96.24,118.65,84301,38.02,56.18,85326,28.63,34.89,85326,28.63,35.23,83916,96.24,96.24,85356,27.44,55.54,85356,27.44,34.39,83916,96.24,97.81,83916,96.24,96.24,83916,96.24,96.24,85326,28.63,69.17,Plentiful-1511,27.8,28.08,Plentiful-1511,27.8,27.8
36085000700,85343,19.3,52.82,FPC-610,9.27,14.86,83916,66.65,86.71,83916,66.65,66.65,85437,26.73,35.22,83522,15.85,24.86,Plentiful-1396,0.94,16.96,83916,66.65,67.03,85343,19.3,52.07,FPC-31,3.98,18.43,85361,52.36,57.65,83916,66.65,66.65,85343,19.3,37.56,85343,19.3,26.01,Plentiful-1396,0.94,39.99,83916,66.65,87.21,83916,66.65,79.94,85326,28.45,54.99,85326,28.45,54.99,83916,66.65,66.65,83656,27.76,45.37,81047,25.97,31.81,83916,66.65,68.83,83916,66.65,66.65,83916,66.65,66.65,85326,28.45,48.76,85326,28.45,41.98,Plentiful-1511,48.74,48.74
36085000800,84301,33.61,35.01,84301,33.61,35.01,84301,33.61,72.55,83916,95.65,95.65,85356,25.04,28.78,Plentiful-1345,22.9,23.89,Plentiful-1345,22.9,30.67,FPC-710,35.5,55.78,84301,33.61,35.01,81039,24.97,30.79,84802,27.51,47.72,83916,95.65,95.65,85437,30.24,32.55,Plentiful-1511,24.28,24.51,84301,33.61,57.26,83916,95.65,117.63,84301,33.61,51.93,85326,31.0,32.8,85326,31.0,33.14,83916,95.65,95.65,85356,25.04,54.98,85356,25.04,34.93,83328,95.28,95.46,83916,95.65,95.65,83916,95.65,95.65,85326,31.0,70.29,Plentiful-1511,24.28,26.52,Plentiful-1511,24.28,24.28
36085000900,85343,20.72,54.95,FPC-610,13.57,16.32,83916,70.95,87.86,83916,70.95,70.95,85437,28.15,35.93,83522,14.2,25.26,Plentiful-1396,8.61,20.61,81559,67.16,68.6,85343,20.72,55.3,FPC-31,13.2,22.45,85361,52.14,59.15,83916,70.95,70.95,85343,20.72,39.94,85343,20.72,27.43,Plentiful-1396,8.61,43.9,83916,70.95,91.5,83916,70.95,82.31,85326,29.87,58.32,85326,29.87,58.32,83916,70.95,70.95,83656,25.48,46.21,83656,25.48,31.29,83916,70.95,72.62,83916,70.95,70.95,83916,70.95,70.95,85326,29.87,50.59,85326,29.87,42.88,Plentiful-1511,49.38,49.38
36085001100,85343,12.81,46.35,Plentiful-1449,7.84,12.24,83916,62.11,77.37,83916,62.11,62.11,85437,20.24,26.0,83522,3.69,16.4,85449,10.25,19.14,81559,55.93,58.16,85343,12.81,46.7,85343,12.81,18.13,84802,43.16,50.51,83916,62.11,62.11,85343,12.81,31.72,85343,12.81,19.44,Plentiful-1396,14.62,41.0,83916,62.11,84.52,83916,62.11,72.56,85326,21.95,49.77,85326,21.95,51.34,83916,62.11,62.11,83656,13.08,35.57,83656,13.08,19.92,83916,62.11,63.68,83916,62.11,62.11,83916,62.11,62.11,85326,21.95,43.94,85326,21.95,32.77,Plentiful-1511,38.17,38.17
36085001700,85343,15.43,47.66,Plentiful-1449,10.56,16.19,83916,62.77,74.1,83916,62.77,62.77,85437,15.19,19.14,83522,6.31,13.0,85449,15.87,20.41,81559,48.17,53.21,85343,15.43,48.02,85343,15.43,18.96,84802,35.4,48.39,83916,62.77,62.77,85437,15.19,31.13,85437,15.19,16.04,Plentiful-1396,20.57,43.44,83916,62.77,85.18,83916,62.77,67.6,85326,16.97,48.55,85326,16.97,49.33,83916,62.77,62.77,83656,10.36,32.29,81047,7.38,13.83,83916,62.77,64.34,83916,62.77,62.77,83916,62.77,62.77,85326,16.97,42.97,85326,16.97,25.93,Plentiful-1511,30.41,30.41
36085002001,84301,25.6,32.68,84301,25.6,32.68,84301,25.6,64.8,83916,88.13,88.13,84301,25.6,26.89,84301,25.6,26.17,84301,25.6,26.97,FPC-710,27.98,48.27,84301,25.6,32.68,84301,25.6,28.45,84301,25.6,44.16,83916,88.13,88.13,84301,25.6,30.21,84301,25.6,26.63,84301,25.6,56.26,83916,88.13,110.11,84301,25.6,43.96,84301,25.6,30.49,84301,25.6,30.83,83916,88.13,88.13,85356,29.47,55.43,85356,29.47,40.3,83328,87.76,87.95,83916,88.13,88.13,83916,88.13,88.13,85326,40.27,69.46,Plentiful-1511,28.71,32.56,Plentiful-1511,28.71,28.71
36085002100,85343,7.21,43.86,85343,7.21,22.78,84301,62.18,77.17,83916,72.65,72.65,85437,2.33,12.18,85437,2.33,8.06,Plentiful-1345,17.28,21.24,81559,46.86,55.49,85343,7.21,43.86,85343,7.21,15.1,84802,30.36,49.8,83916,72.65,72.65,85437,2.33,23.91,85437,2.33,5.72,Plentiful-1396,25.76,48.27,83916,72.65,95.06,84301,62.18,65.67,85326,4.1,42.82,85326,4.1,43.16,83916,72.65,72.65,85356,17.77,36.67,81047,8.66,15.34,83916,72.65,74.22,83916,72.65,72.65,83916,72.65,72.65,85326,4.1,45.26,85326,4.1,17.6,Plentiful-1511,24.35,24.35
36085002700,85343,25.86,42.72,85343,25.86,38.26,84301,51.15,73.37,83916,81.16,81.16,85356,8.38,13.73,Plentiful-1345,4.69,6.73,Plentiful-1345,4.69,26.28,81559,37.02,51.77,85343,25.86,42.72,81039,13.16,29.39,84802,18.91,45.15,83916,81.16,81.16,85437,18.44,31.82,Plentiful-1511,12.89,12.98,Plentiful-1396,44.41,53.65,83916,81.16,103.57,84301,51.15,61.16,85326,19.32,40.54,85326,19.32,40.88,83916,81.16,81.16,85356,8.38,39.17,85356,8.38,19.17,83916,81.16,82.73,83916,81.16,81.16,83916,81.16,81.16,85326,19.32,56.01,Plentiful-1511,12.89,15.03,Plentiful-1511,12.89,12.89
36085002900,85343,24.49,43.52,85343,24.49,35.11,84301,53.08,70.83,83916,75.77,75.77,85356,4.9,9.78,85356,4.9,7.32,Plentiful-1345,8.6,24.82,81559,32.89,47.21,85343,24.49,43.52,81039,14.97,28.78,84802,16.15,43.07,83916,75.77,75.77,85437,18.43,31.97,Plentiful-1511,10.12,11.73,Plentiful-1396,42.15,51.74,83916,75.77,98.18,FPC-382,53.01,60.62,85326,19.42,41.83,85326,19.42,41.19,83916,75.77,75.77,85356,4.9,34.41,85356,4.9,14.88,83916,75.77,77.34,83916,75.77,75.77,83916,75.77,75.77,85326,19.42,52.45,Plentiful-1511,10.12,13.22,Plentiful-1511,10.12,10.12
36085003300,85343,23.19,46.23,85343,23.19,31.46,84301,57.79,67.94,83916,67.0,67.0,85068,7.89,13.28,85356,13.89,15.7,Plentiful-1345,18.65,28.96,81559,34.92,45.78,85343,23.19,46.23,81039,18.55,28.22,84802,23.53,44.18,83916,67.0,67.0,85437,18.06,32.99,85437,18.06,18.38,Plentiful-1396,38.23,49.08,83916,67.0,89.41,FPC-382,57.72,60.84,85326,19.84,45.12,85326,19.84,44.48,83916,67.0,67.0,85356,13.89,32.21,81047,13.14,14.26,83916,67.0,68.34,83916,67.0,67.0,83916,67.0,67.0,85326,19.84,46.74,Plentiful-1511,18.54,18.97,Plentiful-1511,18.54,18.54
36085003600,FPC-382,30.1,33.99,FPC-382,30.1,33.99,84301,30.17,67.72,83916,90.09,90.09,85356,24.32,28.19,Plentiful-1345,22.17,23.19,Plentiful-1345,22.17,27.43,FPC-710,29.94,50.23,FPC-382,30.1,33.99,81039,29.0,29.75,84802,26.79,45.57,83916,90.09,90.09,FPC-382,30.1,31.51,Plentiful-1511,23.55,25.37,84301,30.17,56.72,83916,90.09,112.07,FPC-382,30.1,47.73,FPC-382,30.1,31.79,84301,30.17,32.13,83916,90.09,90.09,85356,24.32,52.65,85356,24.32,35.14,83328,89.72,89.91,83916,90.09,90.09,83916,90.09,90.09,85326,35.12,69.05,Plentiful-1511,23.55,27.41,Plentiful-1511,23.55,23.55
36085003900,85343,37.68,53.07,Plentiful-1449,35.51,40.24,84301,60.8,68.08,83916,68.79,68.79,85068,19.96,25.14,85356,22.91,25.16,Plentiful-1345,26.11,34.16,81559,37.93,48.39,85343,37.68,53.07,81039,30.6,39.75,84802,26.62,47.49,83916,68.79,68.79,85437,32.56,43.66,Plentiful-1511,21.69,24.66,Plentiful-1396,48.77,54.87,83916,68.79,90.77,FPC-382,60.73,63.44,85326,34.34,51.96,85326,34.34,51.32,83916,68.79,68.79,83656,21.67,37.67,83656,21.67,24.07,83328,68.42,68.61,83916,68.79,68.79,83916,68.79,68.79,85326,34.34,53.44,Plentiful-1511,21.69,25.91,Plentiful-1511,21.69,21.69
36085004001,85343,26.44,36.07,85343,26.44,35.53,84301,40.88,68.67,83916,81.99,81.99,85356,9.21,14.48,Plentiful-1345,6.87,8.02,Plentiful-1345,6.87,23.91,81559,32.38,48.95,85343,26.44,36.07,81039,13.74,27.02,84802,13.73,40.27,83916,81.99,81.99,85437,19.01,28.78,Plentiful-1511,8.47,10.23,84301,40.88,50.69,83916,81.99,104.4,84301,40.88,54.58,85326,19.89,33.88,85326,19.89,34.22,83916,81.99,81.99,85356,9.21,40.0,85356,9.21,20.01,83916,81.99,83.56,83916,81.99,81.99,83916,81.99,81.99,85326,19.89,56.76,Plentiful-1511,8.47,12.28,Plentiful-1511,8.47,8.47
36085004002,FPC-382,32.97,34.76,FPC-382,32.97,34.76,84301,33.04,64.92,83916,84.98,84.98,85356,19.93,23.98,Plentiful-1345,18.8,19.41,Plentiful-1345,18.8,22.95,FPC-710,24.67,45.01,FPC-382,32.97,34.76,81039,25.58,30.53,84802,13.22,40.31,83916,84.98,84.98,85437,30.85,32.29,Plentiful-1511,10.87,15.77,84301,33.04,54.83,83916,84.98,106.96,FPC-382,32.97,47.58,85326,31.69,32.57,FPC-619,31.05,31.93,83916,84.98,84.98,85356,19.93,47.46,85356,19.93,30.06,83328,84.61,84.8,83916,84.98,84.98,83916,84.98,84.98,85326,31.69,64.5,Plentiful-1511,10.87,17.81,Plentiful-1511,10.87,10.87
36085004003,85343,35.88,37.53,85343,35.88,37.53,84301,38.39,61.9,83916,76.23,76.23,85068,15.73,20.86,Plentiful-1345,16.89,17.29,Plentiful-1345,16.89,18.2,FPC-710,18.51,37.98,85343,35.88,37.53,81039,24.82,33.01,84802,3.36,35.87,83916,76.23,76.23,85437,29.42,34.54,Plentiful-1511,7.89,13.54,84301,38.39,52.17,83916,76.23,98.21,FPC-382,38.32,49.26,85326,30.41,35.71,85326,30.41,35.07,83916,76.23,76.23,85356,17.42,41.89,85356,17.42,25.61,83328,75.86,76.04,83916,76.23,76.23,83916,76.23,76.23,85326,30.41,58.22,Plentiful-1511,7.89,15.4,Plentiful-1511,7.89,7.89
36085004004,FPC-382,28.86,33.6,FPC-382,28.86,33.6,84301,28.94,54.91,83916,71.48,71.48,85068,22.85,25.63,85356,25.19,25.97,FPC-710,11.33,16.46,FPC-710,11.33,31.62,FPC-382,28.86,33.6,FPC-382,28.86,30.43,84802,10.88,33.66,83916,71.48,71.48,FPC-382,28.86,31.58,Plentiful-1511,17.02,20.97,84301,28.94,49.82,83916,71.48,93.46,FPC-382,28.86,40.7,FPC-382,28.86,31.91,FPC-619,26.94,31.27,83916,71.48,71.48,85356,25.19,45.28,85356,25.19,32.94,83328,71.11,71.3,83916,71.48,71.48,83916,71.48,71.48,85326,37.92,57.58,Plentiful-1511,17.02,23.99,Plentiful-1511,17.02,17.02
36085004700,85343,46.41,50.53,85343,46.41,48.46,84301,52.62,60.33,83916,63.57,63.57,85068,27.08,32.71,85356,29.89,32.15,81559,29.39,30.8,81559,29.39,40.96,85343,46.41,50.53,81039,37.71,45.56,84802,23.37,43.08,83916,63.57,63.57,85437,41.17,46.71,Plentiful-1511,24.41,28.84,84301,52.62,55.18,83916,63.57,85.55,FPC-382,52.55,56.25,85326,42.16,49.11,85326,42.16,48.47,83916,63.57,63.57,85356,29.89,41.9,85356,29.89,32.95,83328,63.2,63.38,83916,63.57,63.57,83916,63.57,63.57,85326,42.16,53.71,Plentiful-1511,24.41,30.32,Plentiful-1511,24.41,24.41
36085005000,FPC-382,21.9,32.18,FPC-382,21.9,32.18,84301,21.97,53.72,83916,74.79,74.79,FPC-382,21.9,25.46,FPC-382,21.9,26.09,FPC-710,12.68,16.01,FPC-710,12.68,33.62,FPC-382,21.9,32.18,FPC-382,21.9,28.35,84802,20.59,35.65,83916,74.79,74.79,FPC-382,21.9,26.93,FPC-382,21.9,23.45,84301,21.97,50.27,83916,74.79,96.77,FPC-382,21.9,36.09,FPC-382,21.9,30.39,FPC-619,19.97,29.75,83916,74.79,74.79,85356,34.86,52.83,85356,34.86,42.61,83328,74.42,74.6,83916,74.79,74.79,83916,74.79,74.79,85326,47.3,62.9,Plentiful-1511,26.47,33.41,Plentiful-1511,26.47,26.47
36085005902,85343,30.58,46.36,Plentiful-1449,23.95,30.17,83916,53.73,63.9,83916,53.73,53.73,85068,21.68,25.24,83522,22.26,24.8,Plentiful-1345,32.45,34.27,81559,44.1,47.48,85343,30.58,47.04,81039,28.61,32.38,84802,35.96,42.55,83916,53.73,53.73,85437,26.35,36.89,85437,26.35,28.52,Plentiful-1396,37.44,43.04,83916,53.73,76.14,83916,53.73,62.77,85326,28.13,46.09,85326,28.13,47.82,83916,53.73,53.73,83656,10.34,30.59,83656,10.34,19.23,83916,53.73,55.08,83916,53.73,53.73,83916,53.73,53.73,85326,28.13,40.66,85326,28.13,30.06,Plentiful-1511,31.03,31.03
36085006400,FPC-382,5.1,24.79,FPC-382,5.1,24.79,84301,5.18,55.61,83916,89.77,89.77,FPC-382,5.1,11.48,FPC-382,5.1,11.48,84301,5.18,19.86,FPC-710,26.84,48.05,FPC-382,5.1,24.79,FPC-382,5.1,20.56,84301,5.18,36.92,83916,89.77,89.77,FPC-382,5.1,11.48,FPC-382,5.1,11.48,84301,5.18,52.17,83916,89.77,111.75,FPC-382,5.1,27.39,FPC-382,5.1,20.67,FPC-619,4.24,22.31,83916,89.77,89.77,85356,46.71,66.74,85356,46.71,56.52,83328,89.4,89.59,83916,89.77,89.77,83916,89.77,89.77,85326,57.51,76.3,Plentiful-1511,39.59,45.56,Plentiful-1511,39.59,39.59
36085006700,85343,36.49,37.65,Plentiful-1449,20.73,29.96,83916,37.22,67.99,83916,37.22,37.22,85068,32.66,34.67,FPC-33,9.3,23.34,85449,34.77,35.98,83916,37.22,46.0,85343,36.49,38.01,85361,21.45,31.31,85361,21.45,34.58,83916,37.22,37.22,85437,34.13,35.95,85361,21.45,30.66,85361,21.45,31.54,83916,37.22,59.64,83916,37.22,67.92,85326,35.91,37.83,85326,35.91,39.4,83916,37.22,37.22,83656,16.15,30.44,83656,16.15,22.75,83916,37.22,38.8,83916,37.22,37.22,83916,37.22,37.22,FPC-620,23.62,32.25,85326,35.91,39.19,Plentiful-1511,44.59,44.59
36085007001,FPC-382,16.39,32.3,FPC-382,16.39,32.3,84301,19.26,60.4,83916,100.71,100.71,FPC-613,7.95,14.53,FPC-613,7.95,11.38,84301,19.26,26.56,81559,29.86,53.71,FPC-382,16.39,32.3,FPC-382,16.39,32.3,84301,19.26,41.85,83916,100.71,100.71,FPC-613,7.95,14.53,FPC-613,7.95,14.53,84301,19.26,56.96,83916,100.71,122.69,FPC-382,16.39,32.3,FPC-382,16.39,24.03,FPC-619,17.21,32.57,83916,100.71,100.71,85356,59.99,78.6,85356,59.99,68.51,83328,100.34,100.53,83916,100.71,100.71,83916,100.71,100.71,85326,71.76,88.34,Plentiful-1511,50.93,57.87,Plentiful-1511,50.93,50.93
36085007002,FPC-382,15.49,37.34,FPC-382,15.49,37.34,84301,18.11,67.17,83916,104.97,104.97,FPC-382,15.49,20.03,FPC-382,15.49,20.03,84301,18.11,31.62,81559,38.07,60.57,FPC-382,15.49,37.34,FPC-382,15.49,34.37,84301,18.11,48.48,83916,104.97,104.97,FPC-382,15.49,20.03,FPC-382,15.49,20.03,84301,18.11,63.73,83916,104.97,126.95,FPC-382,15.49,37.34,FPC-382,15.49,25.33,84301,18.11,37.77,83916,104.97,104.97,85356,63.85,82.59,85356,63.85,72.36,83328,104.6,104.78,83916,104.97,104.97,83916,104.97,104.97,85326,75.61,92.46,Plentiful-1511,54.79,61.73,Plentiful-1511,54.79,54.79
36085007400,FPC-382,17.65,34.24,FPC-382,17.65,34.24,84301,17.65,71.88,83916,106.7,106.7,FPC-382,17.65,25.33,FPC-382,17.65,25.33,84301,17.65,35.3,FPC-710,43.77,64.98,FPC-382,17.65,34.24,FPC-382,17.65,30.01,84301,17.65,52.82,83916,106.7,106.7,FPC-382,17.65,25.33,FPC-382,17.65,25.33,84301,17.65,64.96,83916,106.7,128.68,FPC-382,17.65,42.19,FPC-382,17.65,30.04,84301,17.65,34.42,83916,106.7,106.7,85356,50.04,75.33,85356,50.04,60.87,83328,106.33,106.52,83916,106.7,106.7,83916,106.7,106.7,85326,60.85,88.7,Plentiful-1511,49.28,53.14,Plentiful-1511,49.28,49.28
36085008100,85343,37.76,48.96,FPC-610,15.4,23.81,83916,53.55,82.18,83916,53.55,53.55,85437,38.67,41.09,FPC-33,27.82,31.53,Plentiful-1396,24.98,34.07,83916,53.55,59.93,85343,37.76,49.32,FPC-31,21.17,31.16,85361,34.54,48.22,83916,53.55,53.55,85343,37.76,43.33,85361,34.54,36.99,Plentiful-1396,24.98,37.69,83916,53.55,74.18,83916,53.55,78.77,85326,40.45,50.24,85326,40.45,50.3,83916,53.55,53.55,83656,23.03,40.5,83656,23.03,32.29,83916,53.55,55.13,83916,53.55,53.55,83916,53.55,53.55,FPC-620,33.35,42.45,85326,40.45,47.87,Plentiful-1511,51.59,51.59
36085009601,FPC-382,20.28,33.5,FPC-382,20.28,33.5,84301,21.02,55.07,83916,85.01,85.01,FPC-382,20.28,21.98,FPC-382,20.28,21.8,81559,14.15,16.67,81559,14.15,38.0,FPC-382,20.28,33.5,FPC-382,20.28,31.79,84301,21.02,37.76,83916,85.01,85.01,FPC-382,20.28,21.98,FPC-382,20.28,21.98,84301,21.02,51.63,83916,85.01,106.99,FPC-382,20.28,33.5,FPC-382,20.28,29.94,FPC-619,17.05,32.2,83916,85.01,85.01,85356,45.79,63.52,85356,45.79,53.54,83328,84.64,84.82,83916,85.01,85.01,83916,85.01,85.01,85326,58.52,73.46,Plentiful-1511,37.62,44.59,Plentiful-1511,37.62,37.62
36085009602,FPC-382,27.11,35.42,FPC-382,27.11,35.42,84301,29.97,58.41,83916,96.09,96.09,FPC-613,15.76,24.28,FPC-611,9.37,13.51,84301,29.97,30.39,81559,30.25,52.43,FPC-382,27.11,35.42,FPC-382,27.11,35.42,84301,29.97,42.77,83916,96.09,96.09,FPC-613,15.76,24.28,FPC-613,15.76,24.28,84301,29.97,56.65,83916,96.09,115.32,FPC-382,27.11,35.42,FPC-382,27.11,30.91,FPC-619,27.82,35.66,83916,96.09,96.09,85356,61.89,77.6,85356,61.89,69.64,83328,94.68,95.38,83916,96.09,96.09,83916,96.09,96.09,85326,74.62,87.88,Plentiful-1511,53.72,60.69,Plentiful-1511,53.72,53.72
36085009701,83916,30.79,42.49,83916,30.79,32.77,83916,30.79,69.06,83916,30.79,30.79,83916,30.79,48.95,FPC-33,15.36,26.71,83916,30.79,33.18,83916,30.79,44.33,83916,30.79,33.18,85361,15.22,26.67,85361,15.22,26.67,83916,30.79,30.79,83916,30.79,41.94,85361,15.22,27.05,85361,15.22,29.71,83916,30.79,51.34,83916,30.79,64.52,83916,30.79,32.92,83916,30.79,32.92,83916,30.79,30.79,83916,30.79,35.56,FPC-719,23.66,27.85,83916,30.79,32.96,83916,30.79,30.79,83916,30.79,30.79,FPC-620,14.03,27.27,85454,29.1,40.15,83916,30.79,50.01
36085009702,83916,43.28,46.01,FPC-610,21.01,30.36,83916,43.28,80.44,83916,43.28,43.28,83916,43.28,46.23,FPC-33,21.27,33.73,Plentiful-1396,30.6,37.16,83916,43.28,56.1,83916,43.28,45.3,FPC-31,26.79,32.69,85361,27.99,39.25,83916,43.28,43.28,83916,43.28,45.41,85361,27.99,39.0,85361,27.99,33.96,83916,43.28,63.84,83916,43.28,76.97,83916,43.28,45.42,83916,43.28,45.42,83916,43.28,43.28,83656,31.57,40.83,83656,31.57,35.8,83916,43.28,45.46,83916,43.28,43.28,83916,43.28,43.28,FPC-620,26.8,39.69,85454,41.6,44.63,83916,43.28,51.71
36085010500,83916,25.21,33.86,83916,25.21,27.02,83916,25.21,58.76,83916,25.21,25.21,83916,25.21,40.16,FPC-33,4.94,19.48,83916,25.21,27.26,83916,25.21,36.22,83916,25.21,27.26,85361,9.43,20.97,85361,9.43,22.57,83916,25.21,25.21,83916,25.21,33.08,85361,9.43,20.1,85361,9.43,28.28,83916,25.21,47.62,83916,25.21,56.18,83916,25.21,27.57,83916,25.21,30.44,83916,25.21,25.21,83916,25.21,27.63,FPC-719,11.11,20.46,83916,25.21,26.25,83916,25.21,25.21,83916,25.21,25.21,FPC-620,11.6,22.34,85454,25.05,36.36,83916,25.21,42.02
36085011201,FPC-382,37.71,48.85,FPC-382,37.71,48.85,84301,40.58,74.66,83916,115.15,115.15,FPC-613,17.28,31.86,FPC-612,13.46,18.24,84301,40.58,47.77,81559,51.01,72.62,FPC-382,37.71,48.85,FPC-382,37.71,48.85,84301,40.58,58.4,83916,115.15,115.15,FPC-613,17.28,31.86,FPC-613,17.28,31.86,84301,40.58,73.17,83916,115.15,134.39,FPC-382,37.71,48.85,FPC-618,15.16,30.5,FPC-619,38.54,49.12,83916,115.15,115.15,85356,81.32,97.28,85356,81.32,89.83,83328,113.75,114.45,83916,115.15,115.15,83916,115.15,115.15,85326,93.08,107.03,Plentiful-1511,72.25,79.2,Plentiful-1511,72.25,72.25
36085011203,FPC-382,51.42,55.86,FPC-382,51.42,55.86,84301,54.28,78.07,83916,118.03,118.03,FPC-613,35.93,47.21,FPC-611,28.84,32.29,84301,54.28,58.76,81559,60.65,80.01,FPC-382,51.42,55.86,FPC-382,51.42,55.86,84301,54.28,64.4,83916,118.03,118.03,FPC-613,35.93,47.21,FPC-613,35.93,47.21,84301,54.28,76.58,83916,118.03,137.27,FPC-382,51.42,55.86,FPC-618,3.56,27.97,FPC-619,52.21,56.13,83916,118.03,118.03,85356,91.99,105.08,85356,91.99,99.94,83328,116.62,117.33,83916,118.03,118.03,83916,118.03,118.03,85326,103.75,112.5,Plentiful-1511,82.92,89.87,Plentiful-1511,82.92,82.92
36085011401,FPC-382,33.05,39.96,FPC-382,33.05,39.96,84301,35.91,61.55,83916,97.81,97.81,FPC-613,20.57,29.84,FPC-611,6.63,14.65,84301,35.91,36.33,81559,36.19,56.97,FPC-382,33.05,39.96,FPC-382,33.05,39.96,84301,35.91,47.31,83916,97.81,97.81,FPC-613,20.57,29.84,FPC-613,20.57,29.84,84301,35.91,60.06,83916,97.81,117.05,FPC-382,33.05,39.96,FPC-618,26.64,31.87,FPC-619,33.76,40.19,83916,97.81,97.81,85356,67.83,82.13,85356,67.83,75.58,83328,96.41,97.11,83916,97.81,97.81,83916,97.81,97.81,85326,80.56,91.3,Plentiful-1511,59.66,66.63,Plentiful-1511,59.66,59.66
36085011402,FPC-382,44.79,48.03,FPC-382,44.79,48.03,84301,47.65,68.19,83916,105.27,105.27,FPC-613,31.85,41.43,FPC-611,12.05,23.98,81559,43.86,45.36,81559,43.86,64.56,FPC-382,44.79,48.03,FPC-382,44.79,48.03,84301,47.65,54.02,83916,105.27,105.27,FPC-613,31.85,41.43,FPC-613,31.85,41.43,84301,47.65,66.7,83916,105.27,124.5,FPC-382,44.79,48.03,FPC-618,18.48,35.17,FPC-619,45.5,48.26,83916,105.27,105.27,85356,75.5,89.73,85356,75.5,83.25,83328,103.86,104.56,83916,105.27,105.27,83916,105.27,105.27,85326,88.23,98.82,Plentiful-1511,67.33,74.3,Plentiful-1511,67.33,67.33
36085012100,81020,35.25,41.98,81260,32.04,34.85,83916,37.26,56.24,83916,37.26,37.26,83916,37.26,44.73,FPC-33,15.07,28.12,83916,37.26,39.31,83916,37.26,40.54,83916,37.26,39.31,85361,23.19,30.83,85361,23.19,35.2,83916,37.26,37.26,81020,35.25,40.57,85361,23.19,30.16,85361,23.19,38.91,83916,37.26,59.24,83916,37.26,56.22,83328,36.89,37.99,83916,37.26,42.52,83916,37.26,37.26,83656,33.16,35.77,FPC-719,16.34,28.8,83328,36.89,37.08,83916,37.26,37.26,83916,37.26,37.26,FPC-620,25.35,34.14,85454,37.11,41.69,83916,37.26,43.98
36085012200,83197,47.45,54.12,83197,47.45,54.12,83197,47.45,70.89,83916,106.33,106.33,FPC-613,41.36,48.28,FPC-611,24.95,34.61,83197,47.45,53.89,81559,56.76,73.51,83197,47.45,54.12,83197,47.45,54.12,83197,47.45,60.67,83916,106.33,106.33,FPC-613,41.36,48.28,FPC-613,41.36,48.28,83197,47.45,69.4,83916,106.33,125.56,83197,47.45,54.12,FPC-618,22.44,33.42,83197,47.45,54.39,83916,106.33,106.33,85356,88.4,98.68,85356,88.4,93.58,83328,104.92,105.62,83916,106.33,106.33,83916,106.33,106.33,85326,101.13,103.83,Plentiful-1511,80.23,88.88,Plentiful-1511,80.23,80.23
36085012805,83197,75.93,83.97,83197,75.93,83.97,83197,75.93,102.69,83916,142.73,142.73,FPC-613,71.89,78.13,FPC-611,63.66,67.88,83197,75.93,86.94,81559,95.47,111.46,83197,75.93,83.97,83197,75.93,83.97,83197,75.93,92.51,83916,142.73,142.73,FPC-613,71.89,78.13,FPC-613,71.89,73.85,83197,75.93,102.56,83916,142.73,155.1,83197,75.93,83.97,FPC-617,33.21,50.79,83197,75.93,84.24,83916,142.73,142.73,85356,127.11,136.41,85356,127.11,132.87,83328,140.68,141.71,83916,142.73,142.73,83916,142.73,142.73,85326,138.89,141.74,Plentiful-1511,118.07,126.24,Plentiful-1511,118.07,118.07
36085012806,83197,68.31,75.6,83197,68.31,75.6,83197,68.31,94.7,83916,135.11,135.11,FPC-613,63.15,69.76,FPC-611,54.92,59.13,83197,68.31,78.57,81559,86.73,103.09,83197,68.31,75.6,83197,68.31,75.6,83197,68.31,84.14,83916,135.11,135.11,FPC-613,63.15,69.76,FPC-613,63.15,69.49,83197,68.31,94.19,83916,135.11,147.48,83197,68.31,75.6,FPC-617,17.41,40.07,83197,68.31,75.87,83916,135.11,135.11,85356,118.36,128.04,85356,118.36,124.13,83328,133.06,134.09,83916,135.11,135.11,83916,135.11,135.11,85326,130.15,133.67,Plentiful-1511,109.32,116.27,Plentiful-1511,109.32,109.32
36085013301,83916,18.22,32.16,83916,18.22,20.8,83916,18.22,57.34,83916,18.22,18.22,83916,18.22,42.84,FPC-33,12.47,17.33,83916,18.22,20.27,83916,18.22,33.59,83916,18.22,20.27,85361,0.82,13.45,85361,0.82,14.72,83916,18.22,18.22,83916,18.22,31.45,85361,0.82,13.09,85361,0.82,24.23,83916,18.22,40.62,83916,18.22,50.8,83916,18.22,21.17,83916,18.22,22.82,83916,18.22,18.22,83916,18.22,25.82,FPC-719,10.27,15.52,83916,18.22,19.79,83916,18.22,18.22,83916,18.22,18.22,FPC-620,4.39,15.51,85454,18.07,34.21,83916,18.22,42.28
36085013302,83916,14.43,31.84,83916,14.43,16.37,83916,14.43,56.48,83916,14.43,14.43,83916,14.43,45.86,83916,14.43,16.56,83916,14.43,16.56,83916,14.43,32.59,83916,14.43,16.56,85361,9.99,14.02,85361,9.99,14.18,83916,14.43,14.43,83916,14.43,31.1,85361,9.99,13.66,85361,9.99,27.6,83916,14.43,35.22,83916,14.43,47.22,83916,14.43,16.75,83916,14.43,16.89,83916,14.43,14.43,83916,14.43,25.47,85454,11.92,14.32,83916,14.43,16.06,83916,14.43,14.43,83916,14.43,14.43,FPC-620,10.03,14.91,85454,11.92,32.99,83916,14.43,43.53
36085013400,83197,48.33,62.15,83197,48.33,62.15,83197,48.33,77.98,83916,115.13,115.13,83197,48.33,56.31,FPC-611,36.55,44.67,83197,48.33,61.91,81559,68.36,84.18,83197,48.33,62.15,83197,48.33,62.15,83197,48.33,68.69,83916,115.13,115.13,83197,48.33,56.31,83197,48.33,56.31,83197,48.33,77.15,83916,115.13,127.72,83197,48.33,62.15,FPC-617,28.37,36.57,83197,48.33,62.41,83916,115.13,115.13,85356,100.0,109.22,85356,100.0,104.9,83328,113.35,114.24,83916,115.13,115.13,83916,115.13,115.13,85326,112.73,114.22,Plentiful-1511,91.83,99.54,Plentiful-1511,91.83,91.83
36085014607,83197,85.26,114.85,83197,85.26,102.74,83197,85.26,118.46,83916,139.04,139.04,83197,85.26,110.05,83197,85.26,92.73,83197,85.26,107.25,81559,123.05,125.74,83197,85.26,114.85,81028,79.6,84.73,83197,85.26,101.89,83916,139.04,139.04,83197,85.26,110.05,85486,30.08,71.32,83197,85.26,118.46,85380,135.71,137.38,83197,85.26,114.21,83197,85.26,91.91,83197,85.26,115.09,83916,139.04,139.04,83328,135.02,142.92,83328,135.02,136.44,83328,135.02,137.03,83916,139.04,139.04,83916,139.04,139.04,FPC-621,131.8,134.56,83916,139.04,142.36,83916,139.04,142.78
36085014608,83197,77.8,107.4,83197,77.8,95.28,83197,77.8,111.01,83916,131.59,131.59,83197,77.8,102.59,83197,77.8,85.28,83197,77.8,103.23,81559,115.59,121.16,83197,77.8,107.4,83197,77.8,86.02,83197,77.8,99.38,83916,131.59,131.59,83197,77.8,102.59,85486,36.52,68.49,83197,77.8,111.01,83916,131.59,137.34,83197,77.8,107.4,83197,77.8,86.52,83197,77.8,107.64,83916,131.59,131.59,83328,127.56,135.46,83328,127.56,129.75,83328,127.56,129.57,83916,131.59,131.59,83916,131.59,131.59,FPC-27,130.1,133.62,83916,131.59,134.91,83916,131.59,135.32
36085015100,81020,25.28,33.41,81260,16.32,22.29,83916,30.87,51.6,83916,30.87,30.87,83916,30.87,46.53,81260,16.32,23.85,83916,30.87,31.41,83916,30.87,39.92,83916,30.87,31.41,81260,16.32,23.85,83916,30.87,35.71,83916,30.87,30.87,81020,25.28,33.41,81260,16.32,22.29,83916,30.87,36.67,83916,30.87,46.73,83916,30.87,43.41,FPC-381,25.28,27.42,83916,30.87,37.75,83916,30.87,30.87,83328,27.04,39.02,83328,27.04,28.96,83328,27.04,28.96,83916,30.87,30.87,83916,30.87,30.87,FPC-27,29.95,32.81,85454,30.75,41.94,83916,30.87,47.54
36085015400,83197,91.68,107.17,83197,91.68,107.17,83197,91.68,122.17,83916,158.48,158.48,83197,91.68,101.32,FPC-611,88.03,91.57,83197,91.68,109.21,81559,119.62,132.81,83197,91.68,107.17,83197,91.68,107.17,83197,91.68,114.22,83916,158.48,158.48,83197,91.68,101.32,85486,76.76,89.08,83197,91.68,122.17,83916,158.48,169.81,83197,91.68,107.17,FPC-617,70.27,80.14,83197,91.68,107.43,83916,158.48,158.48,85356,151.26,155.39,85356,151.26,154.07,83328,156.43,157.46,83916,158.48,158.48,83916,158.48,158.48,83916,158.48,160.02,Plentiful-1511,143.09,148.17,Plentiful-1511,143.09,143.09
36085015601,83197,101.38,120.41,83197,101.38,117.0,83197,101.38,131.44,83916,161.57,161.57,83197,101.38,114.57,FPC-611,100.73,104.04,83197,101.38,113.38,FPC-464,127.87,129.6,83197,101.38,120.41,81028,81.54,99.83,83197,101.38,116.44,83916,161.57,161.57,83197,101.38,114.57,85486,9.84,75.02,83197,101.38,131.44,83916,161.57,162.27,83197,101.38,120.41,FPC-617,85.46,93.5,83197,101.38,120.68,83916,161.57,161.57,83328,157.54,160.29,83328,157.54,159.73,83328,157.54,159.56,83916,161.57,161.57,83916,161.57,161.57,FPC-621,159.06,160.23,Plentiful-1511,153.59,156.25,Plentiful-1511,153.59,157.58
36085015602,83197,116.33,135.53,83197,116.33,130.16,83197,116.33,144.6,83916,170.9,170.9,83197,116.33,129.69,FPC-611,115.68,119.07,FPC-614,102.21,112.57,FPC-464,119.19,136.68,83197,116.33,135.53,81028,72.85,103.08,83197,116.33,127.65,83916,170.9,170.9,83197,116.33,129.69,85486,8.35,81.29,83197,116.33,144.6,85380,166.42,168.66,83197,116.33,135.53,FPC-617,100.6,108.58,83197,116.33,135.8,83916,170.9,170.9,83328,166.87,171.49,FPC-27,165.98,167.92,83328,166.87,168.89,83916,170.9,170.9,83916,170.9,170.9,FPC-621,162.51,165.27,Plentiful-1511,168.54,169.33,Plentiful-1511,168.54,169.72
36085015603,83197,106.33,121.89,83197,106.33,120.99,83197,106.33,135.42,83916,168.84,168.84,83197,106.33,116.04,FPC-611,102.69,106.25,83197,106.33,120.15,81559,134.28,135.33,83197,106.33,121.89,81028,96.43,110.33,83197,106.33,123.12,83916,168.84,168.84,83197,106.33,116.04,85486,24.57,81.49,83197,106.33,135.42,83916,168.84,173.57,83197,106.33,121.89,FPC-617,85.02,94.86,83197,106.33,122.15,83916,168.84,168.84,83328,164.82,166.53,83328,164.82,166.03,83328,164.82,166.83,83916,168.84,168.84,83916,168.84,168.84,FPC-27,167.36,170.2,Plentiful-1511,157.75,161.45,Plentiful-1511,157.75,163.3
36085016901,83197,41.06,46.94,FPC-381,37.79,40.76,83197,41.06,48.02,83916,51.57,51.57,83197,41.06,44.5,FPC-381,37.79,40.76,81559,28.2,32.66,81559,28.2,36.16,83197,41.06,47.95,FPC-381,37.79,40.76,84802,37.53,41.49,83916,51.57,51.57,83197,41.06,46.94,FPC-381,37.79,39.29,83197,41.06,46.13,83916,51.57,71.56,83197,41.06,47.95,FPC-381,37.79,43.0,83197,41.06,47.31,83916,51.57,51.57,83656,40.8,46.2,FPC-719,39.05,42.49,83328,50.17,50.87,83916,51.57,51.57,83916,51.57,51.57,FPC-620,48.06,50.9,Plentiful-1511,40.04,43.83,Plentiful-1511,40.04,40.04
36085017005,83197,125.12,148.28,83197,125.12,135.98,83197,125.12,151.8,83916,168.98,168.98,83197,125.12,143.16,83197,125.12,126.45,FPC-614,78.53,99.72,FPC-464,95.5,135.46,83197,125.12,148.28,81028,47.2,95.33,FPC-711,117.94,134.79,83916,168.98,168.98,83197,125.12,143.16,85486,29.68,83.44,83197,125.12,151.8,85380,164.26,166.62,83197,125.12,147.08,FPC-616,93.17,110.52,83197,125.12,148.52,83916,168.98,168.98,83328,164.95,173.55,FPC-27,163.87,165.93,83328,164.95,166.97,83916,168.98,168.98,83916,168.98,168.98,FPC-621,160.35,163.13,83916,168.98,173.0,83916,168.98,173.77
36085017007,83197,109.38,135.14,83197,109.38,118.56,83197,109.38,138.43,83916,150.71,150.71,83197,109.38,133.62,83197,109.38,112.7,83197,109.38,119.47,FPC-464,133.0,142.68,83197,109.38,135.83,81028,80.85,94.36,FPC-711,99.67,119.92,83916,150.71,150.71,83197,109.38,131.84,85486,54.85,91.5,83197,109.38,138.43,85380,145.99,148.35,83197,109.38,133.17,85366,102.57,107.41,83197,109.38,137.71,83916,150.71,150.71,83328,146.68,158.73,FPC-27,145.6,147.66,83328,146.68,148.69,83916,150.71,150.71,83916,150.71,150.71,FPC-621,142.08,144.85,83916,150.71,158.18,83916,150.71,160.67
36085017009,83197,124.52,150.29,83197,124.52,133.7,83197,124.52,153.57,83916,165.85,165.85,83197,124.52,148.76,83197,124.52,127.84,FPC-614,80.63,100.92,FPC-464,97.61,140.97,83197,124.52,150.97,81028,45.36,92.63,FPC-711,114.81,135.06,83916,165.85,165.85,83197,124.52,146.98,85486,43.85,88.66,83197,124.52,153.57,85380,161.13,163.49,83197,124.52,148.31,FPC-616,95.27,112.5,83197,124.52,152.85,83916,165.85,165.85,83328,161.82,173.87,FPC-27,160.74,162.8,83328,161.82,163.83,83916,165.85,165.85,83916,165.85,165.85,FPC-621,157.22,160.0,83916,165.85,173.32,83916,165.85,175.81
36085017011,83197,109.16,133.25,83197,109.16,122.27,83197,109.16,137.42,83916,156.38,156.38,83197,109.16,128.12,83197,109.16,112.08,FPC-614,100.24,108.87,FPC-464,117.21,132.98,83197,109.16,133.25,81028,67.8,93.88,FPC-711,105.53,120.47,83916,156.38,156.38,83197,109.16,128.12,85486,16.82,80.64,83197,109.16,137.42,85380,151.91,154.15,83197,109.16,132.79,FPC-617,102.98,106.82,83197,109.16,133.48,83916,156.38,156.38,83328,152.36,160.3,FPC-27,151.47,153.4,83328,152.36,154.37,83916,156.38,156.38,83916,156.38,156.38,FPC-621,148.0,150.76,83916,156.38,159.75,83916,156.38,160.18
36085017012,83197,100.01,127.67,83197,100.01,111.88,83197,100.01,130.41,83916,145.39,145.39,83197,100.01,124.79,83197,100.01,104.68,83197,100.01,105.91,FPC-464,117.35,131.21,83197,100.01,128.97,81028,66.52,86.12,FPC-711,94.53,113.31,83916,145.39,145.39,83197,100.01,123.81,85486,28.39,77.78,83197,100.01,130.41,85380,140.91,143.15,83197,100.01,125.77,85366,97.3,100.75,83197,100.01,129.69,83916,145.39,145.39,83328,141.36,152.06,FPC-27,140.47,142.41,83328,141.36,143.37,83916,145.39,145.39,83916,145.39,145.39,FPC-621,137.0,139.76,83916,145.39,151.51,83916,145.39,153.32
36085017013,83197,133.1,158.87,83197,133.1,142.28,83197,133.1,162.15,83916,174.43,174.43,83197,133.1,157.35,83197,133.1,136.42,FPC-614,93.84,112.59,FPC-464,110.82,151.1,83197,133.1,159.55,81028,58.57,102.75,FPC-711,123.39,143.64,83916,174.43,174.43,83197,133.1,155.56,85486,53.95,99.29,83197,133.1,162.15,85380,169.71,172.07,83197,133.1,156.89,FPC-616,108.48,122.63,83197,133.1,161.43,83916,174.43,174.43,83328,170.41,182.46,FPC-27,169.33,171.39,83328,170.41,172.42,83916,174.43,174.43,83916,174.43,174.43,FPC-621,165.81,168.58,83916,174.43,181.9,83916,174.43,184.4
36085017014,83197,128.85,154.62,83197,128.85,138.03,83197,128.85,157.9,83916,170.18,170.18,83197,128.85,153.1,83197,128.85,132.17,FPC-614,85.42,105.56,FPC-464,102.4,145.46,83197,128.85,155.31,81028,50.15,97.11,FPC-711,119.14,139.39,83916,170.18,170.18,83197,128.85,151.31,85486,48.35,93.2,83197,128.85,157.9,85380,165.47,167.82,83197,128.85,152.64,FPC-616,100.07,116.99,83197,128.85,157.19,83916,170.18,170.18,83328,166.16,178.21,FPC-27,165.08,167.14,83328,166.16,168.17,83916,170.18,170.18,83916,170.18,170.18,FPC-621,161.56,164.33,83916,170.18,177.65,83916,170.18,180.15
36085017015,83197,113.14,138.9,83197,113.14,122.31,83197,113.14,142.19,83916,154.47,154.47,83197,113.14,137.38,83197,113.14,116.46,FPC-614,94.48,106.36,FPC-464,111.46,138.0,83197,113.14,139.59,81028,59.21,89.65,FPC-711,103.43,123.68,83916,154.47,154.47,83197,113.14,135.6,85486,38.63,87.74,83197,113.14,142.19,85380,149.75,152.11,83197,113.14,136.93,85366,106.33,109.53,83197,113.14,141.47,83916,154.47,154.47,83328,150.44,162.49,FPC-27,149.36,151.42,83328,150.44,152.45,83916,154.47,154.47,83916,154.47,154.47,FPC-621,145.84,148.61,83916,154.47,161.94,83916,154.47,164.43
36085017300,83197,21.47,41.54,83197,21.47,33.77,83197,21.47,47.05,83916,53.34,53.34,83197,21.47,44.16,83197,21.47,32.89,83197,21.47,34.34,81559,40.42,44.96,83197,21.47,43.67,83197,21.47,33.77,83197,21.47,42.33,83916,53.34,53.34,83197,21.47,41.54,83197,21.47,33.77,83197,21.47,42.33,83916,53.34,71.97,83197,21.47,46.8,83197,21.47,34.17,83197,21.47,45.73,83916,53.34,53.34,83328,51.56,54.55,FPC-719,45.33,50.03,83328,51.56,52.45,83916,53.34,53.34,83916,53.34,53.34,83916,53.34,54.05,85454,53.19,55.67,83916,53.34,56.91
36085017600,83197,133.78,154.52,83197,133.78,146.11,83197,133.78,160.54,83916,181.53,181.53,83197,133.78,148.68,FPC-611,133.13,136.0,FPC-614,85.73,106.74,FPC-464,100.72,142.16,83197,133.78,154.52,81028,56.38,106.76,FPC-711,130.49,143.53,83916,181.53,181.53,83197,133.78,148.68,85486,32.8,89.1,83197,133.78,160.54,85380,176.82,179.18,83197,133.78,154.52,FPC-616,93.78,114.18,83197,133.78,154.78,83916,181.53,181.53,83328,177.51,184.4,FPC-27,176.43,178.49,83328,177.51,179.52,83916,181.53,181.53,83916,181.53,181.53,FPC-621,172.91,175.68,83916,181.53,183.85,83916,181.53,183.76
36085017701,83197,32.17,42.35,83197,32.17,42.35,83197,32.17,50.44,83916,71.67,71.67,83197,32.17,42.35,83197,32.17,41.6,81559,20.27,24.47,81559,20.27,37.64,83197,32.17,42.35,83197,32.17,42.35,83197,32.17,40.25,83916,71.67,71.67,83197,32.17,42.35,83197,32.17,39.86,83197,32.17,47.3,83916,71.67,91.21,83197,32.17,42.35,83197,32.17,42.35,83197,32.17,41.71,83916,71.67,71.67,85356,51.87,59.75,85356,51.87,54.6,83328,70.87,71.27,83916,71.67,71.67,83916,71.67,71.67,FPC-620,64.41,66.9,Plentiful-1511,43.7,50.67,Plentiful-1511,43.7,43.7
36085017702,FPC-382,27.07,35.14,FPC-382,27.07,35.14,84301,27.8,53.91,83916,83.39,83.39,FPC-382,27.07,27.79,FPC-611,22.72,25.86,81559,13.53,18.52,81559,13.53,37.05,FPC-382,27.07,35.14,FPC-382,27.07,35.14,84301,27.8,37.57,83916,83.39,83.39,FPC-382,27.07,27.79,FPC-382,27.07,27.79,84301,27.8,50.47,83916,83.39,105.37,FPC-382,27.07,35.14,FPC-382,27.07,35.14,FPC-619,23.83,34.06,83916,83.39,83.39,85356,46.3,63.02,85356,46.3,53.57,83328,83.02,83.2,83916,83.39,83.39,83916,83.39,83.39,85326,59.03,72.55,Plentiful-1511,38.13,45.09,Plentiful-1511,38.13,38.13
36085018100,83197,15.97,58.0,83197,15.97,46.22,83197,15.97,61.29,83916,80.79,80.79,83197,15.97,56.63,83197,15.97,41.83,83197,15.97,48.15,81559,63.89,69.76,83197,15.97,60.14,83197,15.97,42.64,83197,15.97,55.71,83916,80.79,80.79,83197,15.97,55.45,83197,15.97,46.22,83197,15.97,59.59,83916,80.79,97.2,83197,15.97,60.48,83197,15.97,42.64,83197,15.97,59.96,83916,80.79,80.79,83328,79.01,83.47,FPC-719,76.83,78.83,83328,79.01,79.9,83916,80.79,80.79,83916,80.79,80.79,83916,80.79,82.42,85454,80.64,82.76,83916,80.79,83.81
36085018701,83197,34.9,38.28,FPC-381,18.64,27.25,83197,34.9,51.16,83916,42.77,42.77,83197,34.9,47.68,FPC-381,18.64,27.25,83197,34.9,40.41,83916,42.77,46.51,83197,34.9,40.41,FPC-381,18.64,26.53,83197,34.9,40.39,83916,42.77,42.77,83197,34.9,38.28,FPC-381,18.64,27.25,83197,34.9,42.0,83916,42.77,58.62,83197,34.9,48.28,FPC-381,18.64,28.75,83197,34.9,43.58,83916,42.77,42.77,83328,38.94,47.25,83328,38.94,41.14,83328,38.94,40.85,83916,42.77,42.77,83916,42.77,42.77,FPC-27,41.85,45.15,85454,42.64,49.95,83916,42.77,53.61
36085018703,83197,17.85,41.23,83197,17.85,28.52,83197,17.85,49.77,83916,55.71,55.71,83197,17.85,46.88,83197,17.85,28.52,83197,17.85,39.41,81559,49.84,52.03,83197,17.85,43.36,83197,17.85,26.17,83197,17.85,39.56,83916,55.71,55.71,83197,17.85,41.23,83197,17.85,28.52,83197,17.85,45.51,83916,55.71,71.28,83197,17.85,49.53,83197,17.85,26.17,83197,17.85,46.53,83916,55.71,55.71,83328,51.88,59.73,83328,51.88,54.09,83328,51.88,53.79,83916,55.71,55.71,83916,55.71,55.71,FPC-27,54.79,58.66,85454,55.59,61.36,83916,55.71,64.25
36085018704,83197,17.35,40.94,83197,17.35,30.98,83197,17.35,47.88,83916,54.5,54.5,83197,17.35,44.99,83197,17.35,30.98,83197,17.35,36.6,81559,45.88,48.98,83197,17.35,43.07,83197,17.35,28.69,83197,17.35,40.34,83916,54.5,54.5,83197,17.35,40.94,83197,17.35,30.98,83197,17.35,42.53,83916,54.5,72.61,83197,17.35,47.64,83197,17.35,28.69,83197,17.35,45.42,83916,54.5,54.5,83328,52.72,57.2,FPC-719,50.54,52.53,83328,52.72,53.61,83916,54.5,54.5,83916,54.5,54.5,83916,54.5,56.13,85454,54.35,58.32,83916,54.5,60.3
36085018901,81020,34.56,38.8,FPC-381,1.6,20.35,83916,39.91,56.46,83916,39.91,39.91,83916,39.91,52.83,FPC-381,1.6,21.64,83916,39.91,40.33,83916,39.91,48.44,83916,39.91,40.33,FPC-381,1.6,14.11,FPC-711,26.64,36.16,83916,39.91,39.91,81020,34.56,38.8,FPC-381,1.6,20.35,83916,39.91,44.65,83916,39.91,52.35,83916,39.91,46.23,FPC-381,1.6,17.78,83916,39.91,44.01,83916,39.91,39.91,83328,35.89,49.04,83328,35.89,38.08,83328,35.89,37.9,83916,39.91,39.91,83916,39.91,39.91,FPC-27,38.42,43.14,83916,39.91,52.71,83916,39.91,58.03
36085018902,83197,27.57,43.37,FPC-381,13.51,26.73,83197,27.57,56.49,83916,53.95,53.95,83197,27.57,53.59,FPC-381,13.51,26.73,83197,27.57,45.37,83916,53.95,57.04,83197,27.57,45.37,FPC-381,13.51,21.05,83197,27.57,38.16,83916,53.95,53.95,83197,27.57,43.37,FPC-381,13.51,26.73,83197,27.57,49.05,83916,53.95,65.08,83197,27.57,50.28,FPC-381,13.51,21.05,83197,27.57,48.58,83916,53.95,53.95,83328,49.93,60.49,83328,49.93,52.11,83328,49.93,51.94,83916,53.95,53.95,83916,53.95,53.95,FPC-27,52.46,56.65,83916,53.95,62.96,83916,53.95,66.65
36085019700,81020,27.42,34.72,FPC-381,13.88,19.89,83916,33.02,54.39,83916,33.02,33.02,83916,33.02,49.79,FPC-381,13.88,21.45,83916,33.02,33.56,83916,33.02,43.55,83916,33.02,33.56,FPC-381,13.88,20.13,83916,33.02,37.29,83916,33.02,33.02,81020,27.42,34.72,FPC-381,13.88,19.89,83916,33.02,39.89,83916,33.02,47.1,83916,33.02,43.07,FPC-381,13.88,23.73,83916,33.02,39.89,83916,33.02,33.02,83328,29.18,43.12,83328,29.18,31.39,83328,29.18,31.1,83916,33.02,33.02,83916,33.02,33.02,FPC-27,32.1,36.86,85454,32.89,46.04,83916,33.02,52.61
36085020100,81020,16.27,31.21,81260,6.34,14.25,83916,21.63,56.32,83916,21.63,21.63,83916,21.63,50.67,81260,6.34,16.04,83916,21.63,22.05,83916,21.63,37.61,83916,21.63,22.05,81260,6.34,16.04,83916,21.63,28.49,83916,21.63,21.63,81020,16.27,31.21,81260,6.34,13.4,83916,21.63,36.97,83916,21.63,35.84,83916,21.63,40.18,83328,17.6,19.79,83916,21.63,28.49,83916,21.63,21.63,83328,17.6,33.1,83328,17.6,19.79,83328,17.6,19.62,83916,21.63,21.63,83916,21.63,21.63,FPC-27,20.14,25.95,83916,21.63,40.36,83916,21.63,48.79
36085020701,83916,11.74,35.21,FPC-27,9.41,9.44,83916,11.74,65.43,83916,11.74,11.74,83916,11.74,57.36,FPC-27,9.41,9.44,FPC-24,10.37,10.6,FPC-24,10.37,34.54,Plentiful-553,10.72,11.06,FPC-27,9.41,9.44,84770,9.45,10.21,83916,11.74,11.74,83916,11.74,35.21,FPC-27,9.41,11.16,83916,11.74,39.44,83916,11.74,24.14,83916,11.74,44.41,FPC-27,9.41,9.44,84770,9.45,10.21,83916,11.74,11.74,83916,11.74,29.36,FPC-27,9.41,9.44,83916,11.74,12.03,83916,11.74,11.74,83916,11.74,11.74,FPC-27,9.41,16.82,83916,11.74,37.87,83916,11.74,50.29
36085020702,83916,3.99,28.86,83916,3.99,6.62,83916,3.99,57.91,83916,3.99,3.99,83916,3.99,49.83,83916,3.99,5.28,83916,3.99,5.28,83916,3.99,28.02,83916,3.99,5.28,83916,3.99,5.28,83916,3.99,6.62,83916,3.99,3.99,83916,3.99,28.86,83916,3.99,6.83,83916,3.99,30.03,83916,3.99,24.06,83916,3.99,41.94,83916,3.99,6.62,83916,3.99,6.62,83916,3.99,3.99,83916,3.99,22.71,85454,3.87,5.26,83916,3.99,5.97,83916,3.99,3.99,83916,3.99,3.99,83916,3.99,10.69,85454,3.87,29.64,83916,3.99,42.53
36085020804,83197,139.52,165.83,83197,139.52,149.24,83197,139.52,168.84,83916,181.65,181.65,83197,139.52,164.03,83197,139.52,143.11,FPC-614,60.95,92.8,FPC-464,77.93,144.42,83197,139.52,166.51,81028,25.68,96.6,FPC-711,130.61,150.6,83916,181.65,181.65,83197,139.52,162.25,85486,55.76,91.07,83197,139.52,168.84,85380,176.94,179.3,83197,139.52,163.85,FPC-616,75.6,116.21,83197,139.52,168.12,83916,181.65,181.65,83328,177.63,189.41,FPC-27,176.55,178.61,83328,177.63,179.64,83916,181.65,181.65,83916,181.65,181.65,FPC-621,173.03,175.8,83916,181.65,188.86,83916,181.65,191.22
36085020805,83197,159.56,185.33,83197,159.56,168.74,83197,159.56,188.61,83916,200.89,200.89,83197,159.56,183.8,83197,159.56,162.88,FPC-614,70.74,106.0,FPC-464,87.72,161.04,83197,159.56,186.01,81028,39.52,114.04,FPC-711,149.85,170.1,83916,200.89,200.89,83197,159.56,182.02,85486,82.46,109.91,83197,159.56,188.61,85380,196.17,198.53,83197,159.56,183.35,FPC-616,85.38,132.57,83197,159.56,187.89,83916,200.89,200.89,83328,196.86,208.91,FPC-27,195.78,197.85,83328,196.86,198.88,83916,200.89,200.89,83916,200.89,200.89,FPC-621,192.27,195.04,83916,200.89,208.36,83916,200.89,210.85
36085020806,83197,178.91,204.68,83197,178.91,188.09,83197,178.91,207.96,83916,220.24,220.24,83197,178.91,203.15,83197,178.91,182.23,FPC-614,133.35,154.2,FPC-464,150.33,194.81,83197,178.91,205.36,81028,98.08,146.46,FPC-711,169.2,189.45,83916,220.24,220.24,83197,178.91,201.37,85486,104.34,144.53,83197,178.91,207.96,85380,215.52,217.88,83197,178.91,202.7,FPC-616,148.0,166.34,83197,178.91,207.24,83916,220.24,220.24,83328,216.21,228.26,FPC-27,215.13,217.19,83328,216.21,218.23,83916,220.24,220.24,83916,220.24,220.24,FPC-621,211.62,214.39,83916,220.24,227.71,83916,220.24,230.2
36085022300,83916,30.19,50.04,84770,22.11,23.41,83916,30.19,80.73,83916,30.19,30.19,83916,30.19,72.91,84770,22.11,23.41,FPC-24,28.23,28.26,FPC-24,28.23,52.54,Plentiful-553,28.27,28.91,84770,22.11,23.41,84770,22.11,24.8,83916,30.19,30.19,83916,30.19,50.04,85352,19.7,24.86,83916,30.19,55.76,85380,16.09,23.14,FPC-615,21.57,47.11,84770,22.11,23.41,84770,22.11,24.8,83916,30.19,30.19,83328,28.88,47.17,84770,22.11,23.41,83328,28.88,29.53,83916,30.19,30.19,83916,30.19,30.19,83521,8.87,17.0,83916,30.19,56.06,83916,30.19,68.35
36085022601,83197,168.68,194.99,83197,168.68,178.4,83197,168.68,197.73,83916,210.82,210.82,83197,168.68,192.6,83197,168.68,172.27,FPC-614,41.7,89.73,FPC-464,58.82,157.49,83197,168.68,195.67,81028,11.68,111.38,FPC-711,159.78,179.76,83916,210.82,210.82,83197,168.68,190.81,FPC-464,58.82,102.62,83197,168.68,197.73,85380,206.1,208.46,83197,168.68,193.01,FPC-616,56.48,129.28,83197,168.68,197.01,83916,210.82,210.82,83328,206.79,218.57,FPC-27,205.71,207.77,83328,206.79,208.8,83916,210.82,210.82,83916,210.82,210.82,FPC-621,202.19,204.97,83916,210.82,218.02,83916,210.82,220.38
36085022602,83197,180.11,205.88,83197,180.11,189.29,83197,180.11,209.16,83916,221.44,221.44,83197,180.11,204.36,83197,180.11,183.43,FPC-614,49.47,96.36,FPC-464,59.5,165.33,83197,180.11,206.57,81028,33.98,125.9,FPC-711,170.4,190.65,83916,221.44,221.44,83197,180.11,202.57,FPC-464,59.5,113.03,83197,180.11,209.16,85380,216.73,219.08,83197,180.11,203.9,FPC-616,57.69,137.04,83197,180.11,208.45,83916,221.44,221.44,83328,217.42,229.47,FPC-27,216.34,218.4,83328,217.42,219.43,83916,221.44,221.44,83916,221.44,221.44,FPC-621,212.82,215.59,83916,221.44,228.91,83916,221.44,231.41
36085022801,83197,141.48,167.24,83197,141.48,150.65,83197,141.48,170.53,83916,182.8,182.8,83197,141.48,165.72,83197,141.48,144.8,FPC-614,112.52,126.48,FPC-464,125.45,161.56,83197,141.48,167.93,81028,81.3,115.91,FPC-711,131.76,152.01,83916,182.8,182.8,83197,141.48,163.93,85486,74.94,113.96,83197,141.48,170.53,85380,178.09,180.45,83197,141.48,165.27,FPC-616,123.64,133.26,83197,141.48,169.81,83916,182.8,182.8,83328,178.78,190.83,FPC-27,177.7,179.76,83328,178.78,180.79,83916,182.8,182.8,83916,182.8,182.8,FPC-621,174.18,176.95,83916,182.8,190.28,83916,182.8,192.77
36085023100,81020,33.34,51.28,FPC-27,29.25,32.15,83916,36.13,80.97,83916,36.13,36.13,83916,36.13,74.27,FPC-27,29.25,31.59,FPC-24,32.72,32.75,FPC-24,32.72,56.01,Plentiful-553,32.77,33.89,FPC-27,29.25,31.59,84770,34.8,35.24,83916,36.13,36.13,81020,33.34,51.28,85352,9.75,23.66,83916,36.13,58.15,85380,20.44,28.29,FPC-615,11.63,44.05,FPC-27,29.25,32.01,84770,34.8,35.24,83916,36.13,36.13,83328,32.0,51.95,FPC-27,29.25,32.01,83328,32.0,34.06,83916,36.13,36.13,83916,36.13,36.13,FPC-621,5.85,14.46,83916,36.13,60.61,83916,36.13,71.41
36085023900,81020,25.65,43.53,FPC-27,21.56,24.46,83916,28.45,73.14,83916,28.45,28.45,83916,28.45,66.51,FPC-27,21.56,23.91,FPC-24,25.04,25.07,FPC-24,25.04,48.26,Plentiful-553,25.08,26.21,FPC-27,21.56,23.91,84770,27.77,28.0,83916,28.45,28.45,81020,25.65,43.53,FPC-27,21.56,23.33,83916,28.45,50.4,83916,28.45,29.98,FPC-615,25.99,43.64,FPC-27,21.56,24.55,84770,27.77,28.0,83916,28.45,28.45,83328,24.31,44.26,FPC-27,21.56,24.55,83328,24.31,26.38,83916,28.45,28.45,83916,28.45,28.45,83521,19.73,20.55,83916,28.45,52.88,83916,28.45,63.65
36085024401,83197,205.5,230.43,83197,205.5,216.36,83197,205.5,233.17,83916,249.35,249.35,83197,205.5,225.17,83197,205.5,207.82,FPC-614,10.84,77.27,FPC-464,15.47,164.35,83197,205.5,230.65,81028,48.55,149.36,FPC-711,198.31,216.16,83916,249.35,249.35,83197,205.5,225.17,FPC-464,15.47,110.76,83197,205.5,233.17,85380,244.63,246.99,83197,205.5,228.45,FPC-616,13.14,138.02,83197,205.5,230.88,83916,249.35,249.35,83328,245.33,254.92,FPC-27,244.25,246.31,83328,245.33,247.34,83916,249.35,249.35,83916,249.35,249.35,FPC-621,240.73,243.5,83916,249.35,254.37,83916,249.35,255.63
36085024402,83197,217.61,235.64,83197,217.61,227.29,83197,217.61,241.72,83916,261.46,261.46,83197,217.61,229.8,FPC-611,217.58,218.74,FPC-464,19.9,86.91,FPC-464,19.9,172.85,83197,217.61,235.64,81028,60.94,161.56,FPC-711,210.42,224.71,83916,261.46,261.46,83197,217.61,229.8,FPC-464,19.9,119.22,83197,217.61,241.72,85380,256.75,259.1,83197,217.61,235.64,FPC-616,12.96,140.42,83197,217.61,235.9,83916,261.46,261.46,83328,257.44,266.5,FPC-27,256.36,258.42,83328,257.44,259.45,83916,261.46,261.46,83916,261.46,261.46,FPC-621,252.84,255.61,83916,261.46,265.95,83916,261.46,266.95
36085024800,83197,208.58,233.51,83197,208.58,219.44,83197,208.58,236.25,83916,252.43,252.43,83197,208.58,228.6,83197,208.58,210.9,FPC-614,13.75,79.29,FPC-464,15.54,166.43,83197,208.58,233.73,81028,51.63,152.44,FPC-711,201.39,219.23,83916,252.43,252.43,83197,208.58,228.6,FPC-464,15.54,112.84,83197,208.58,236.25,85380,247.71,250.07,83197,208.58,231.53,FPC-616,13.73,140.67,83197,208.58,233.96,83916,252.43,252.43,83328,248.41,258.0,FPC-27,247.32,249.39,83328,248.41,250.42,83916,252.43,252.43,83916,252.43,252.43,FPC-621,243.81,246.58,83916,252.43,257.45,83916,252.43,258.71
36085025100,81020,29.18,39.91,FPC-381,15.78,23.11,83916,34.53,63.11,83916,34.53,34.53,83916,34.53,59.47,FPC-381,15.78,23.11,FPC-24,32.07,32.11,FPC-24,32.07,47.38,Plentiful-553,32.12,32.92,FPC-381,15.78,20.95,FPC-711,25.67,33.57,83916,34.53,34.53,81020,29.18,39.91,FPC-381,15.78,23.11,83916,34.53,46.86,83916,34.53,43.32,83916,34.53,44.65,FPC-381,15.78,22.25,83916,34.53,38.51,83916,34.53,34.53,83328,30.51,47.87,FPC-27,28.72,31.25,83328,30.51,32.52,83916,34.53,34.53,83916,34.53,34.53,FPC-27,28.72,33.63,83916,34.53,53.16,83916,34.53,60.96
36085027301,83197,45.45,58.39,FPC-381,28.64,42.83,83197,45.45,72.94,83916,67.54,67.54,83197,45.45,70.04,FPC-381,28.64,42.83,83197,45.45,58.84,FPC-24,65.52,70.99,83197,45.45,58.86,85366,14.87,23.05,FPC-711,25.64,46.21,83916,67.54,67.54,83197,45.45,58.39,FPC-381,28.64,42.83,83197,45.45,64.87,83916,67.54,68.21,83197,45.45,58.43,85366,14.87,29.65,83197,45.45,62.31,83916,67.54,67.54,83328,63.51,76.75,FPC-27,62.17,64.41,83328,63.51,65.52,83916,67.54,67.54,83916,67.54,67.54,FPC-27,62.17,64.58,83916,67.54,79.68,83916,67.54,84.24
36085027302,83197,29.41,55.69,83197,29.41,39.1,83197,29.41,65.1,83916,71.51,71.51,83197,29.41,61.32,83197,29.41,39.1,83197,29.41,55.69,81559,68.47,69.72,83197,29.41,57.68,83197,29.41,32.4,83197,29.41,49.53,83916,71.51,71.51,83197,29.41,55.69,83197,29.41,39.1,83197,29.41,61.48,83916,71.51,81.21,83197,29.41,61.75,83197,29.41,32.4,83197,29.41,60.9,83916,71.51,71.51,83328,67.48,78.06,83328,67.48,69.67,83328,67.48,69.49,83916,71.51,71.51,83916,71.51,71.51,FPC-27,70.02,74.21,83916,71.51,78.8,83916,71.51,81.46
36085027702,83197,70.35,92.22,FPC-381,65.48,75.69,83197,70.35,102.94,83916,105.83,105.83,83197,70.35,98.13,FPC-381,65.48,75.69,83197,70.35,92.02,FPC-24,102.83,106.03,83197,70.35,92.04,FPC-711,53.49,58.41,FPC-711,53.49,76.56,83916,105.83,105.83,83197,70.35,92.22,FPC-381,65.48,67.72,83197,70.35,98.21,85380,99.92,102.88,83197,70.35,89.84,85366,56.26,64.03,83197,70.35,95.38,83916,105.83,105.83,83328,101.81,114.18,FPC-27,99.43,102.35,83328,101.81,103.82,83916,105.83,105.83,83916,105.83,105.83,FPC-621,95.99,98.73,83916,105.83,115.53,83916,105.83,119.09
36085027704,83197,50.3,72.97,FPC-381,46.54,56.38,83197,50.3,84.18,83916,86.98,86.98,83197,50.3,80.3,FPC-381,46.54,56.38,83197,50.3,74.96,83916,86.98,88.17,83197,50.3,74.96,FPC-381,46.54,48.11,FPC-711,48.7,61.99,83916,86.98,86.98,83197,50.3,72.97,FPC-381,46.54,56.38,83197,50.3,78.93,83916,86.98,91.09,83197,50.3,75.3,FPC-381,46.54,48.64,83197,50.3,78.18,83916,86.98,86.98,83328,82.95,95.29,83328,82.95,85.14,83328,82.95,84.97,83916,86.98,86.98,83916,86.98,86.98,FPC-27,85.49,87.89,83916,86.98,96.25,83916,86.98,99.64
36085027705,83197,58.1,79.62,FPC-381,53.23,63.44,83197,58.1,91.41,83916,93.06,93.06,83197,58.1,87.53,FPC-381,53.23,63.44,83197,58.1,79.42,FPC-24,90.06,93.43,83197,58.1,79.44,FPC-711,40.71,45.8,FPC-711,40.71,63.96,83916,93.06,93.06,83197,58.1,79.62,FPC-381,53.23,63.44,83197,58.1,85.79,85380,87.22,90.14,83197,58.1,77.27,85366,43.45,51.6,83197,58.1,82.78,83916,93.06,93.06,83328,89.03,101.58,FPC-27,86.65,89.58,83328,89.03,91.04,83916,93.06,93.06,83916,93.06,93.06,FPC-621,83.21,85.96,83916,93.06,103.08,83916,93.06,106.58
36085027706,83197,64.55,77.29,FPC-381,51.08,64.17,83197,64.55,93.47,83916,86.33,86.33,83197,64.55,89.58,FPC-381,51.08,64.17,83197,64.55,77.09,FPC-24,83.34,91.09,83197,64.55,77.1,FPC-711,33.99,40.61,FPC-711,33.99,61.62,83916,86.33,86.33,83197,64.55,77.29,FPC-381,51.08,64.17,83197,64.55,84.28,85380,80.43,83.38,83197,64.55,74.91,85366,36.76,50.79,83197,64.55,80.44,83916,86.33,86.33,83328,82.31,97.37,FPC-27,79.93,82.86,83328,82.31,84.32,83916,86.33,86.33,83916,86.33,86.33,FPC-621,76.49,79.23,83916,86.33,100.74,83916,86.33,106.44
36085027900,83197,48.23,81.54,83197,48.23,64.95,83197,48.23,84.85,83916,100.88,100.88,83197,48.23,80.04,83197,48.23,59.12,83197,48.23,81.25,81559,97.4,98.79,83197,48.23,83.54,83197,48.23,57.22,83197,48.23,72.08,83916,100.88,100.88,83197,48.23,78.26,83197,48.23,58.7,83197,48.23,84.85,83916,100.88,107.25,83197,48.23,83.9,83197,48.23,57.22,83197,48.23,84.13,83916,100.88,100.88,83328,96.85,107.53,83328,96.85,99.04,83328,96.85,98.87,83916,100.88,100.88,83916,100.88,100.88,FPC-27,99.39,103.3,83916,100.88,108.37,83916,100.88,110.87
36085029102,81020,88.27,96.71,FPC-381,74.9,82.09,83916,93.62,120.84,83916,93.62,93.62,83916,93.62,117.2,FPC-381,74.9,82.09,FPC-24,90.63,90.66,FPC-24,90.63,107.23,Plentiful-553,90.67,91.66,FPC-711,57.36,64.28,FPC-711,57.36,82.45,83916,93.62,93.62,81020,88.27,96.71,85352,57.53,72.2,83916,93.62,103.7,85380,61.08,77.35,FPC-615,54.51,85.46,85366,60.58,74.23,83916,93.62,95.44,83916,93.62,93.62,83328,89.6,107.05,FPC-27,87.22,90.15,83328,89.6,91.61,83916,93.62,93.62,83916,93.62,93.62,FPC-621,58.8,70.68,83916,93.62,113.18,83916,93.62,121.45
36085029104,81020,50.5,57.28,FPC-381,32.14,42.66,83916,55.85,80.69,83916,55.85,55.85,83916,55.85,77.06,FPC-381,32.14,42.66,FPC-24,52.86,52.89,FPC-24,52.86,68.74,Plentiful-553,52.9,53.89,FPC-711,8.87,19.61,FPC-711,8.87,41.53,83916,55.85,55.85,81020,50.5,57.28,FPC-381,32.14,38.23,83916,55.85,64.27,85380,39.71,47.78,FPC-615,33.14,51.49,85366,17.82,33.14,83916,55.85,58.53,83916,55.85,55.85,83328,51.83,69.28,FPC-27,49.45,52.38,83328,51.83,53.84,83916,55.85,55.85,83916,55.85,55.85,FPC-621,37.44,43.85,83916,55.85,74.69,83916,55.85,82.6
36085029105,81020,88.76,97.44,FPC-381,76.09,82.82,83916,94.12,121.56,83916,94.12,94.12,83916,94.12,117.92,FPC-381,76.09,82.82,FPC-24,91.12,91.15,FPC-24,91.12,107.72,Plentiful-553,91.16,92.15,FPC-711,58.55,65.47,FPC-711,58.55,83.17,83916,94.12,94.12,81020,88.76,97.44,85352,58.02,72.92,83916,94.12,104.43,85380,61.57,77.84,FPC-615,55.0,86.18,85366,61.78,75.19,83916,94.12,95.93,83916,94.12,94.12,83328,90.09,107.54,FPC-27,87.71,90.64,83328,90.09,92.1,83916,94.12,94.12,83916,94.12,94.12,FPC-621,59.29,71.17,83916,94.12,113.67,83916,94.12,121.94
36085030301,81020,36.43,47.84,FPC-381,25.12,30.94,83916,41.78,71.97,83916,41.78,41.78,83916,41.78,68.33,FPC-381,25.12,30.94,FPC-24,38.79,38.82,FPC-24,38.79,55.39,Plentiful-553,38.83,39.82,FPC-711,12.58,18.94,FPC-711,12.58,33.37,83916,41.78,41.78,81020,36.43,47.84,FPC-381,25.12,30.83,83916,41.78,54.84,85380,38.6,40.19,FPC-615,32.03,46.38,85366,19.12,26.54,83916,41.78,44.42,83916,41.78,41.78,83328,37.76,55.21,FPC-27,35.38,38.31,83328,37.76,39.77,83916,41.78,41.78,83916,41.78,41.78,FPC-621,33.47,35.14,83916,41.78,61.34,83916,41.78,69.61
36085030302,81020,37.28,54.38,81260,33.17,35.54,83916,42.63,82.37,83916,42.63,42.63,83916,42.63,75.79,81260,33.17,36.31,FPC-24,39.56,39.59,FPC-24,39.56,60.07,Plentiful-553,39.61,40.62,81260,33.17,35.33,FPC-711,36.66,41.82,83916,42.63,42.63,81020,37.28,54.38,85352,18.73,29.35,83916,42.63,61.37,85380,29.18,35.91,FPC-615,20.61,48.82,FPC-27,36.15,39.13,83916,42.63,44.99,83916,42.63,42.63,83328,38.61,56.06,FPC-27,36.15,39.13,83328,38.61,40.62,83916,42.63,42.63,83916,42.63,42.63,FPC-621,14.9,23.29,83916,42.63,64.63,83916,42.63,74.12
36085031901,81020,43.83,60.56,FPC-27,39.74,41.06,83916,46.63,89.03,83916,46.63,46.63,83916,46.63,82.4,FPC-27,39.74,41.06,FPC-24,43.22,43.25,FPC-24,43.22,65.29,Plentiful-553,43.26,44.39,FPC-27,39.74,40.47,FPC-711,40.66,41.83,83916,46.63,46.63,81020,43.83,60.56,85352,5.42,28.72,83916,46.63,67.43,85380,13.38,30.0,FPC-615,4.57,47.47,FPC-27,39.74,41.52,84770,42.41,43.82,83916,46.63,46.63,83328,42.49,61.3,FPC-27,39.74,41.52,83328,42.49,44.56,83916,46.63,46.63,83916,46.63,46.63,FPC-621,4.84,18.89,83916,46.63,69.91,83916,46.63,80.11
36085031902,83916,50.83,68.0,84770,42.79,44.05,83916,50.83,98.49,83916,50.83,50.83,83916,50.83,90.91,84770,42.79,44.05,FPC-24,48.78,48.81,FPC-24,48.78,72.92,Plentiful-553,48.83,49.5,84770,42.79,44.05,84770,42.79,44.54,83916,50.83,50.83,83916,50.83,68.0,85352,12.18,36.06,83916,50.83,73.77,85380,4.96,27.9,FPC-615,9.08,54.06,84770,42.79,44.05,84770,42.79,45.47,83916,50.83,50.83,83328,49.44,67.79,84770,42.79,44.05,83328,49.44,50.14,83916,50.83,50.83,83916,50.83,50.83,FPC-621,14.88,26.6,83916,50.83,76.56,83916,50.83,88.77
36085032300,83916,70.29,89.96,84770,62.21,63.51,83916,70.29,120.65,83916,70.29,70.29,83916,70.29,112.83,84770,62.21,63.51,FPC-24,68.33,68.36,FPC-24,68.33,92.64,Plentiful-553,68.37,69.01,84770,62.21,63.51,84770,62.21,64.9,83916,70.29,70.29,83916,70.29,89.96,85352,39.8,58.3,83916,70.29,95.68,85380,30.53,50.41,FPC-615,36.71,78.71,84770,62.21,63.51,84770,62.21,64.9,83916,70.29,70.29,83328,68.98,87.28,84770,62.21,63.51,83328,68.98,69.64,83916,70.29,70.29,83916,70.29,70.29,83521,37.92,48.2,83916,70.29,96.17,83916,70.29,108.45
36085990100,FPC-382,27.53,46.52,FPC-382,27.53,46.52,84301,27.53,76.63,83916,117.85,117.85,FPC-613,27.15,27.4,FPC-612,25.76,26.81,84301,27.53,44.37,81559,52.48,74.48,FPC-382,27.53,46.52,FPC-382,27.53,42.91,84301,27.53,57.94,83916,117.85,117.85,FPC-613,27.15,27.4,FPC-613,27.15,27.4,84301,27.53,72.3,83916,117.85,139.83,FPC-382,27.53,46.52,FPC-382,27.53,31.26,84301,27.53,47.11,83916,117.85,117.85,85356,68.98,91.67,85356,68.98,79.8,83328,117.48,117.67,83916,117.85,117.85,83916,117.85,117.85,85326,79.78,102.44,Plentiful-1511,67.67,71.71,Plentiful-1511,67.67,67.67
36085014606,83197,68.98,91.33,83197,68.98,90.89,83197,68.98,102.9,83916,135.79,135.79,83197,68.98,86.33,FPC-611,68.34,74.14,83197,68.98,88.38,81559,97.73,110.65,83197,68.98,91.33,83197,68.98,90.89,83197,68.98,94.28,83916,135.79,135.79,83197,68.98,86.33,85486,56.96,71.62,83197,68.98,102.9,83916,135.79,146.11,83197,68.98,91.33,FPC-617,63.68,67.82,83197,68.98,91.57,83916,135.79,135.79,85356,129.37,132.96,85356,129.37,131.64,83328,133.73,134.76,83916,135.79,135.79,83916,135.79,135.79,83916,135.79,137.32,Plentiful-1511,121.2,126.01,Plentiful-1511,121.2,128.49
36085014604,83197,96.86,119.95,83197,96.86,112.37,83197,96.86,126.81,83916,150.64,150.64,83197,96.86,114.95,83197,96.86,101.46,83197,96.86,111.99,81559,126.71,127.84,83197,96.86,119.95,81028,81.63,94.79,83197,96.86,111.89,83916,150.64,150.64,83197,96.86,114.95,85486,22.03,76.36,83197,96.86,126.81,83916,150.64,151.46,83197,96.86,119.95,FPC-617,89.88,94.93,83197,96.86,120.18,83916,150.64,150.64,83328,146.61,151.87,83328,146.61,148.8,83328,146.61,148.63,83916,150.64,150.64,83916,150.64,150.64,FPC-621,148.37,149.39,Plentiful-1511,150.18,150.34,Plentiful-1511,150.18,150.41
36085014605,83197,79.02,107.56,83197,79.02,96.5,83197,79.02,111.69,83916,132.8,132.8,83197,79.02,102.56,83197,79.02,86.35,83197,79.02,104.45,81559,116.81,122.38,83197,79.02,107.56,83197,79.02,88.57,83197,79.02,100.44,83916,132.8,132.8,83197,79.02,102.56,85486,38.14,69.84,83197,79.02,111.69,83916,132.8,139.18,83197,79.02,107.56,83197,79.02,83.39,83197,79.02,107.79,83916,132.8,132.8,83328,128.78,136.68,83328,128.78,130.97,83328,128.78,130.79,83916,132.8,132.8,83916,132.8,132.8,FPC-27,131.32,135.22,83916,132.8,136.13,83916,132.8,136.54
36085005901,85343,45.0,54.73,Plentiful-1449,38.37,44.59,83916,60.6,63.6,83916,60.6,60.6,85068,33.2,37.72,83522,36.67,38.77,81559,40.21,41.63,81559,40.21,47.18,85343,45.0,56.35,81039,43.03,46.09,84802,37.69,49.51,83916,60.6,60.6,85437,40.77,48.12,Plentiful-1511,37.66,38.69,85361,50.24,54.23,83916,60.6,82.58,83916,60.6,62.47,85326,42.54,54.43,85326,42.54,54.86,83916,60.6,60.6,83656,24.75,41.4,83656,24.75,32.68,83328,60.24,60.42,83916,60.6,60.6,83916,60.6,60.6,85326,42.54,51.85,Plentiful-1511,37.66,39.28,Plentiful-1511,37.66,37.66
36085021300,81020,9.64,31.71,FPC-27,5.37,9.02,83916,12.05,62.4,83916,12.05,12.05,83916,12.05,55.4,FPC-27,5.37,7.58,FPC-24,8.64,8.67,FPC-24,8.64,33.05,Plentiful-553,8.68,9.81,FPC-27,5.37,7.58,83916,12.05,13.68,83916,12.05,12.05,81020,9.64,31.71,FPC-27,5.37,7.75,83916,12.05,38.45,83916,12.05,24.38,83916,12.05,40.99,FPC-27,5.37,8.56,83916,12.05,13.68,83916,12.05,12.05,83328,8.25,28.16,FPC-27,5.37,8.56,83328,8.25,10.15,83916,12.05,12.05,83916,12.05,12.05,FPC-27,5.37,15.64,83916,12.05,37.59,83916,12.05,48.92
36085024700,81020,14.42,32.99,FPC-27,12.06,13.17,83916,18.76,62.1,83916,18.76,18.76,83916,18.76,55.34,FPC-27,12.06,13.49,FPC-24,15.35,15.38,FPC-24,15.35,37.54,Plentiful-553,15.39,16.51,FPC-27,12.06,13.49,83916,18.76,22.14,83916,18.76,18.76,81020,14.42,32.99,FPC-27,12.06,13.17,83916,18.76,40.01,83916,18.76,29.75,83916,18.76,39.93,FPC-27,12.06,15.12,83916,18.76,22.14,83916,18.76,18.76,83328,14.54,33.4,FPC-27,12.06,15.12,83328,14.54,16.65,83916,18.76,18.76,83916,18.76,18.76,FPC-27,12.06,19.93,83916,18.76,42.08,83916,18.76,52.3
36085019800,83197,166.91,188.79,83197,166.91,177.77,83197,166.91,192.95,83916,210.76,210.76,83197,166.91,182.95,83197,166.91,169.23,FPC-614,43.93,90.59,FPC-464,60.91,153.77,83197,166.91,188.79,81028,27.48,116.61,FPC-711,159.72,175.93,83916,210.76,210.76,83197,166.91,182.95,FPC-464,60.91,100.18,83197,166.91,192.95,85380,206.04,208.4,83197,166.91,188.23,FPC-616,57.83,125.19,83197,166.91,189.06,83916,210.76,210.76,83328,206.73,216.33,FPC-27,205.65,207.72,83328,206.73,208.75,83916,210.76,210.76,83916,210.76,210.76,FPC-621,202.14,204.91,83916,210.76,215.78,83916,210.76,217.04
36085020803,83197,158.77,185.08,83197,158.77,168.49,83197,158.77,187.88,83916,200.91,200.91,83197,158.77,182.76,83197,158.77,162.36,FPC-614,46.54,89.61,FPC-464,63.52,152.45,83197,158.77,185.76,81028,11.27,104.64,FPC-711,149.87,169.85,83916,200.91,200.91,83197,158.77,180.97,FPC-464,63.52,97.65,83197,158.77,187.88,85380,196.19,198.55,83197,158.77,183.1,FPC-616,61.19,124.25,83197,158.77,187.17,83916,200.91,200.91,83328,196.88,208.66,FPC-27,195.8,197.86,83328,196.88,198.89,83916,200.91,200.91,83916,200.91,200.91,FPC-621,192.28,195.05,83916,200.91,208.11,83916,200.91,210.47
36085029106,83197,67.08,71.86,FPC-381,41.87,58.8,83197,67.08,91.49,83916,76.93,76.93,83197,67.08,87.86,FPC-381,41.87,58.8,83197,67.08,71.66,FPC-24,73.93,85.67,83197,67.08,71.68,FPC-711,24.59,31.34,FPC-711,24.59,56.2,83916,76.93,76.93,83197,67.08,71.86,FPC-381,41.87,57.49,83197,67.08,78.85,85380,67.08,72.0,FPC-615,60.51,68.17,85366,27.55,45.5,83197,67.08,74.99,83916,76.93,76.93,83328,72.9,88.03,FPC-27,70.52,73.45,83328,72.9,74.92,83916,76.93,76.93,83916,76.93,76.93,FPC-621,64.8,69.04,83916,76.93,91.99,83916,76.93,98.01
36085013203,83197,79.41,99.65,83197,79.41,98.9,83197,79.41,112.27,83916,146.21,146.21,83197,79.41,93.8,FPC-611,78.77,82.67,83197,79.41,98.81,81559,108.16,120.88,83197,79.41,99.65,83197,79.41,95.67,83197,79.41,102.08,83916,146.21,146.21,83197,79.41,93.8,85486,32.81,68.63,83197,79.41,112.27,83916,146.21,154.17,83197,79.41,99.65,FPC-617,65.3,72.73,83197,79.41,99.91,83916,146.21,146.21,85356,139.79,143.39,85356,139.79,142.07,83328,144.16,145.19,83916,146.21,146.21,83916,146.21,146.21,83916,146.21,147.75,Plentiful-1511,131.63,136.44,Plentiful-1511,131.63,138.92
36085013204,83197,70.16,85.9,83197,70.16,85.9,83197,70.16,100.78,83916,136.96,136.96,83197,70.16,80.06,FPC-611,66.51,70.17,83197,70.16,87.82,81559,98.11,111.29,83197,70.16,85.9,83197,70.16,85.9,83197,70.16,92.82,83916,136.96,136.96,83197,70.16,80.06,85486,52.07,66.63,83197,70.16,100.78,83916,136.96,148.29,83197,70.16,85.9,FPC-617,49.31,58.99,83197,70.16,86.17,83916,136.96,136.96,85356,129.74,133.87,85356,129.74,132.55,83328,134.91,135.94,83916,136.96,136.96,83916,136.96,136.96,83916,136.96,138.5,Plentiful-1511,121.57,126.65,Plentiful-1511,121.57,129.27
36085013201,83197,56.5,72.14,83197,56.5,72.14,83197,56.5,87.06,83916,123.31,123.31,83197,56.5,66.29,FPC-611,48.79,55.11,83197,56.5,72.65,81559,80.38,94.92,83197,56.5,72.14,83197,56.5,72.14,83197,56.5,79.06,83916,123.31,123.31,83197,56.5,66.29,83197,56.5,62.28,83197,56.5,86.86,83916,123.31,135.67,83197,56.5,72.14,FPC-617,35.58,45.25,83197,56.5,72.4,83916,123.31,123.31,85356,112.02,118.86,85356,112.02,116.37,83328,121.25,122.28,83916,123.31,123.31,83916,123.31,123.31,83916,123.31,124.07,Plentiful-1511,103.85,110.28,Plentiful-1511,103.85,103.85
36085013800,83197,43.96,70.98,83197,43.96,68.2,83197,43.96,80.21,83916,110.76,110.76,83197,43.96,66.17,83197,43.96,53.76,83197,43.96,66.81,81559,77.88,89.08,83197,43.96,70.98,83197,43.96,67.67,83197,43.96,73.7,83916,110.76,110.76,83197,43.96,66.17,83197,43.96,60.83,83197,43.96,80.21,83916,110.76,123.13,83197,43.96,70.98,83197,43.96,49.71,83197,43.96,71.21,83916,110.76,110.76,83328,108.71,109.67,FPC-719,106.8,108.34,83328,108.71,109.74,83916,110.76,110.76,83916,110.76,110.76,83916,110.76,112.3,Plentiful-1511,101.35,104.44,Plentiful-1511,101.35,106.06
36085017016,83197,97.19,122.96,83197,97.19,106.37,83197,97.19,126.24,83916,138.52,138.52,83197,97.19,121.44,83197,97.19,100.51,83197,97.19,108.9,FPC-464,123.24,131.3,83197,97.19,123.65,81028,71.35,83.07,FPC-711,87.48,107.73,83916,138.52,138.52,83197,97.19,119.65,85486,41.92,79.07,83197,97.19,126.24,85380,133.81,136.16,83197,97.19,120.98,85366,90.39,95.22,83197,97.19,125.53,83916,138.52,138.52,83328,134.5,146.55,FPC-27,133.42,135.48,83328,134.5,136.51,83916,138.52,138.52,83916,138.52,138.52,FPC-621,129.9,132.67,83916,138.52,145.99,83916,138.52,148.49
36085022802,81020,125.33,128.41,FPC-381,95.89,113.8,83197,129.23,148.13,83916,130.68,130.68,83197,129.23,144.5,FPC-381,95.89,113.8,FPC-24,127.69,127.72,FPC-24,127.69,139.88,Plentiful-553,127.73,128.23,FPC-711,78.35,85.27,FPC-711,78.35,112.75,83916,130.68,130.68,81020,125.33,128.41,FPC-381,95.89,109.28,83197,129.23,135.4,85380,114.27,122.48,FPC-615,107.7,122.54,85366,81.57,100.58,83197,129.23,131.54,83916,130.68,130.68,83328,126.66,141.87,FPC-27,124.28,127.21,83328,126.66,128.67,83916,130.68,130.68,83916,130.68,130.68,FPC-621,111.99,118.5,83916,130.68,145.83,83916,130.68,151.9
36085007500,85343,25.68,42.14,Plentiful-1449,10.0,19.2,83916,49.36,69.14,83916,49.36,49.36,85068,22.19,24.42,83522,15.5,20.23,85449,24.04,26.37,83916,49.36,51.12,85343,25.68,42.49,FPC-31,25.36,25.63,85361,33.51,40.66,83916,49.36,49.36,85437,23.6,32.88,85437,23.6,25.05,Plentiful-1396,25.22,36.03,83916,49.36,71.77,83916,49.36,65.73,85326,25.38,42.42,85326,25.38,43.99,83916,49.36,49.36,83656,5.56,27.46,83656,5.56,16.41,83916,49.36,50.93,83916,49.36,49.36,83916,49.36,49.36,85326,25.38,36.81,85326,25.38,31.21,Plentiful-1511,34.12,34.12
36085007700,85343,28.45,47.7,Plentiful-1449,9.09,18.24,83916,56.31,79.34,83916,56.31,56.31,85437,31.25,34.85,83522,18.79,26.26,Plentiful-1396,20.7,27.42,83916,56.31,59.89,85343,28.45,48.05,FPC-31,20.83,27.61,85361,37.3,48.18,83916,56.31,56.31,85343,28.45,38.67,85343,28.45,31.09,Plentiful-1396,20.7,38.1,83916,56.31,76.94,83916,56.31,75.92,85326,33.03,49.6,85326,33.03,49.67,83916,56.31,56.31,83656,17.38,37.66,83656,17.38,26.7,83916,56.31,57.89,83916,56.31,56.31,83916,56.31,56.31,85326,33.03,41.82,85326,33.03,41.63,Plentiful-1511,45.94,45.94
36085014100,81020,10.33,26.61,81020,10.33,11.48,83916,13.57,50.81,83916,13.57,13.57,83916,13.57,44.04,81260,10.53,13.01,83916,13.57,15.6,83916,13.57,30.09,83916,13.57,15.6,81260,10.53,13.01,83916,13.57,18.77,83916,13.57,13.57,81020,10.33,26.61,81020,10.33,10.96,83916,13.57,29.59,83916,13.57,34.93,83916,13.57,41.47,83328,12.01,13.5,83916,13.57,20.17,83916,13.57,13.57,83328,12.01,24.54,83328,12.01,13.0,83328,12.01,12.79,83916,13.57,13.57,83916,13.57,13.57,83916,13.57,16.76,85454,13.42,31.34,83916,13.57,40.29
36085012500,81020,20.01,33.23,81260,16.81,19.61,83916,22.02,52.23,83916,22.02,22.02,83916,22.02,42.46,81260,16.81,19.37,83916,22.02,24.08,83916,22.02,33.44,83916,22.02,24.08,85361,13.16,17.33,85361,13.16,21.7,83916,22.02,22.02,81020,20.01,31.82,85361,13.16,16.66,85361,13.16,31.28,83916,22.02,44.01,83916,22.02,47.48,83328,21.66,22.75,83916,22.02,27.28,83916,22.02,22.02,83328,21.66,27.01,FPC-719,7.61,17.05,83328,21.66,21.84,83916,22.02,22.02,83916,22.02,22.02,FPC-620,15.68,20.76,85454,21.87,34.65,83916,22.02,41.04
36085014700,81020,34.33,38.85,81260,29.33,33.64,83916,37.5,49.04,83916,37.5,37.5,83916,37.5,43.97,81260,29.33,34.68,83916,37.5,39.55,83916,37.5,40.04,83916,37.5,39.55,81260,29.33,33.21,85361,33.03,38.42,83916,37.5,37.5,81020,34.33,38.85,81260,29.33,32.23,85361,33.03,38.42,83916,37.5,57.47,83916,37.5,49.02,83328,36.09,36.95,83916,37.5,42.54,83916,37.5,37.5,83328,36.09,39.26,FPC-719,26.18,33.2,83328,36.09,36.79,83916,37.5,37.5,83916,37.5,37.5,FPC-620,35.19,37.23,85454,37.34,41.36,83916,37.5,43.37
36085001800,FPC-382,23.16,34.04,FPC-382,23.16,34.04,84301,23.16,76.21,83916,108.86,108.86,FPC-382,23.16,31.27,FPC-382,23.16,29.84,84301,23.16,38.23,FPC-710,47.28,68.04,FPC-382,23.16,34.04,FPC-382,23.16,29.84,84301,23.16,56.89,83916,108.86,108.86,FPC-382,23.16,31.27,FPC-382,23.16,29.84,84301,23.16,64.69,83916,108.86,130.84,FPC-382,23.16,47.64,FPC-382,23.16,31.83,84301,23.16,34.2,83916,108.86,108.86,85356,47.94,73.3,85356,47.94,54.91,83328,108.49,108.67,83916,108.86,108.86,83916,108.86,108.86,85326,49.16,86.24,Plentiful-1511,48.29,48.58,Plentiful-1511,48.29,48.29
36085002002,84301,15.61,30.05,84301,15.61,30.05,84301,15.61,62.66,83916,92.76,92.76,84301,15.61,23.86,84301,15.61,23.54,84301,15.61,26.22,FPC-710,31.18,51.94,84301,15.61,30.05,84301,15.61,25.81,84301,15.61,43.42,83916,92.76,92.76,84301,15.61,23.86,84301,15.61,23.86,84301,15.61,57.25,83916,92.76,114.74,84301,15.61,37.26,84301,15.61,27.85,84301,15.61,28.84,83916,92.76,92.76,85356,40.62,64.4,85356,40.62,51.44,83328,92.39,92.57,83916,92.76,92.76,83916,92.76,92.76,85326,51.42,76.26,Plentiful-1511,39.85,43.71,Plentiful-1511,39.85,39.85
36085011204,FPC-382,59.69,63.97,FPC-382,59.69,63.97,84301,62.55,86.77,83916,128.11,128.11,FPC-613,39.26,53.83,FPC-612,35.43,38.15,84301,62.55,67.93,81559,71.58,90.66,FPC-382,59.69,63.97,FPC-382,59.69,63.97,84301,62.55,73.5,83916,128.11,128.11,FPC-613,39.26,53.83,FPC-613,39.26,53.83,84301,62.55,85.28,83916,128.11,146.41,FPC-382,59.69,63.97,FPC-618,12.62,29.66,FPC-619,60.51,64.24,83916,128.11,128.11,85356,103.22,115.82,85356,103.22,110.72,83328,126.7,127.4,83916,128.11,128.11,83916,128.11,128.11,85326,115.01,122.97,Plentiful-1511,94.18,101.12,Plentiful-1511,94.18,94.18
36085012804,83197,65.88,70.18,83197,65.88,70.18,83197,65.88,90.27,83916,131.16,131.16,FPC-613,56.22,64.33,FPC-611,47.99,52.2,83197,65.88,73.14,81559,79.79,97.15,83197,65.88,70.18,83197,65.88,70.18,83197,65.88,78.71,83916,131.16,131.16,FPC-613,56.22,64.33,FPC-613,56.22,64.33,83197,65.88,88.78,83916,131.16,146.05,83197,65.88,70.18,FPC-617,6.69,33.36,83197,65.88,70.44,83916,131.16,131.16,85356,111.43,122.32,85356,111.43,117.21,83328,129.76,130.46,83916,131.16,131.16,83916,131.16,131.16,85326,123.22,127.75,Plentiful-1511,102.39,109.34,Plentiful-1511,102.39,102.39
