GEOID,FP_nearest,FP_tt,FP_tt_3
36061000100,FPC-528,33.97,36.39
36061000201,85193,3.76,5.79
36061000600,FPC-626,4.78,6.63
36061001401,Plentiful-1200,2.01,2.98
36061001402,FPC-625,1.79,2.28
36061001800,84461,2.53,3.77
36061002201,85434,1.2,2.82
36061002601,87046,3.11,4.12
36061002602,80813,2.69,3.6
36061002800,81685,3.72,4.11
36061003100,FPC-622,2.04,8.4
36061003200,85310,2.6,3.43
36061003300,FPC-622,5.55,6.83
36061003400,81685,2.49,3.62
36061003601,87318,1.96,2.32
36061003602,DSNY-BRS-1058,0.72,3.03
36061003700,82998,3.85,7.46
36061003900,85471,5.21,7.83
36061004001,FPC-252,6.05,6.47
36061004002,FPC-252,5.25,5.99
36061004100,FPC-374,5.33,5.79
36061004300,80491,3.22,4.91
36061004500,FPC-622,7.25,7.82
36061005200,DSNY-BRS-1476,2.43,4.27
36061005400,80749,2.49,4.93
36061005501,FPC-529,3.14,6.37
36061005502,FPC-529,3.9,4.85
36061005800,87247,2.14,4.62
36061006300,80520,1.23,3.99
36061006500,FPC-529,5.75,7.15
36061006700,81458,7.24,9.65
36061006800,84055,1.45,5.23
36061006900,82998,10.06,12.13
36061007001,85490,5.85,6.72
36061007002,85544,3.31,5.45
36061007100,80720,3.76,4.23
36061007200,82798,0.9,3.58
36061007300,81917,7.32,8.28
36061007500,81917,10.96,12.99
36061007600,85521,3.25,3.61
36061007700,81917,3.35,5.4
36061007800,FPC-545,5.36,6.96
36061008000,82798,7.24,8.23
36061008100,80720,2.96,3.53
36061008200,85368,4.92,6.47
36061008300,FPC-566,1.45,4.33
36061008400,85368,1.37,3.37
36061008700,80749,5.89,6.46
36061008900,80577,1.16,3.55
36061009100,80493,2.36,5.1
36061009200,FPC-165,5.6,6.76
36061009300,FPC-565,2.17,3.61
36061009400,FPC-165,5.98,6.76
36061009500,80493,3.4,3.54
36061009600,85368,6.26,8.01
36061009700,85547,0.64,2.66
36061009800,81199,5.05,6.05
36061009902,81501,6.61,7.53
36061009903,81501,5.7,7.47
36061010000,81199,1.21,1.89
36061010100,80757,0.99,2.38
36061010200,DSNY-BRS-1463,2.76,3.32
36061010300,81501,2.74,4.04
36061010400,DSNY-BRS-1463,4.58,6.48
36061010801,FPC-168,4.8,5.29
36061010802,FPC-168,3.68,6.21
36061010803,FPC-168,2.38,4.17
36061010900,85523,4.55,4.62
36061011100,80649,2.59,3.83
36061011201,DSNY-BRS-1463,4.57,6.29
36061011202,DSNY-BRS-1463,2.69,3.41
36061011203,FPC-167,2.53,3.61
36061011300,85523,1.38,4.14
36061011402,80518,2.73,4.3
36061011800,85524,4.64,5.62
36061011900,85523,4.31,5.34
36061012000,85530,2.44,5.59
36061012101,80605,1.92,2.02
36061012102,81507,2.56,3.34
36061012200,85530,3.16,5.36
36061012500,DSNY-BRS-1461,3.24,4.94
36061012601,84065,1.75,2.6
36061012602,85524,0.26,3.09
36061012700,81507,2.18,3.23
36061013000,DSNY-BRS-1451,3.02,5.76
36061013100,DSNY-BRS-1461,1.7,5.11
36061013201,80522,1.09,3.86
36061013202,80522,4.18,6.31
36061013300,Plentiful-1458,1.92,4.74
36061013601,FPC-170,9.19,9.94
36061013602,80522,7.07,8.27
36061014801,DSNY-BRS-1104,2.11,3.9
36061014900,85548,3.56,4.4
36061015001,81139,2.08,3.8
36061015002,81139,1.98,4.86
36061015101,85369,5.08,6.0
36061015301,83543,0.44,2.86
36061015302,80517,1.22,2.73
36061015401,81528,1.36,4.53
36061015402,81528,4.09,8.17
36061015403,81528,3.05,6.15
36061015501,81119,4.27,4.54
36061015601,81528,5.88,8.72
36061015602,81528,8.57,9.16
36061015700,84273,2.59,2.97
36061015801,81528,5.58,7.62
36061015802,DSNY-BRS-1521,7.86,8.42
36061016001,81139,7.27,8.65
36061016002,DSNY-BRS-1521,7.73,9.36
36061016100,84273,3.21,5.06
36061016200,83923,2.93,4.99
36061016400,83923,4.87,6.56
36061016500,DSNY-BRS-1070,5.27,6.53
36061016600,DSNY-BRS-1521,3.54,5.65
36061016900,DSNY-BRS-1070,4.93,6.46
36061017000,83923,2.24,3.02
36061017100,DSNY-BRS-1456,2.51,2.78
36061017200,80744,3.89,4.9
36061017300,81546,6.49,6.96
36061017401,80861,1.55,3.64
36061017402,80861,2.75,4.82
36061017500,81659,1.62,1.68
36061017700,81546,5.12,6.65
36061018000,FPC-493,3.22,3.84
36061018100,80850,4.12,5.13
36061018400,FPC-567,2.77,4.1
36061018600,80699,2.63,3.45
36061018700,FPC-482,4.22,6.05
36061019200,FPC-568,2.33,4.91
36061019300,83311,2.5,4.29
36061019400,81641,2.77,3.25
36061019500,Plentiful-431,2.97,4.99
36061019600,DSNY-BRS-1445,1.39,2.16
36061019702,83311,4.33,4.42
36061019900,FPC-584,1.89,2.6
36061020500,80712,3.39,4.37
36061020600,83686,2.9,3.97
36061020701,81123,6.16,6.42
36061020800,83686,1.51,2.31
36061021100,80712,4.54,6.61
36061021303,81727,2.21,2.48
36061021500,82807,3.53,4.24
36061021600,84108,3.65,4.2
36061021703,80519,4.35,7.18
36061021800,84108,0.66,2.19
36061022000,80565,1.01,2.96
36061022102,85088,4.32,5.96
36061022200,80596,1.74,2.8
36061022301,80519,7.52,9.48
36061022400,82807,1.3,1.55
36061022500,Plentiful-1365,5.82,8.34
36061022600,82807,3.29,4.54
36061022800,85088,2.1,3.88
36061023100,FPC-398,2.8,3.04
36061023400,81612,3.31,6.17
36061023502,81612,3.26,4.86
36061024100,FPC-276,3.16,4.94
36061024200,80721,2.46,3.85
36061024301,81071,4.1,6.47
36061024700,85536,8.18,8.5
36061024900,84068,9.32,9.51
36061025100,85536,5.79,7.43
36061025500,85536,3.21,6.36
36061026500,Plentiful-1367,4.54,5.63
36061026700,85458,3.05,6.0
36061026900,85458,1.79,4.74
36061027100,80618,3.19,3.91
36061028100,80618,4.23,8.73
36061029300,84349,1.46,3.23
36061029500,85357,4.81,4.98
36061030900,Plentiful-1361,1.44,5.3
36005000100,85423,25.11,30.99
36005000200,FPC-349,6.26,14.38
36005001600,FPC-349,6.71,8.63
36005001904,FPC-422,23.93,24.47
36005002002,82252,4.65,9.56
36005002300,81061,6.24,7.51
36005002500,80150,4.9,5.77
36005002701,80159,2.0,5.92
36005002702,80159,1.98,5.9
36005003800,82252,1.92,8.75
36005003900,81061,2.33,4.35
36005004001,FPC-670,9.74,10.59
36005004200,82252,5.73,11.74
36005004400,82252,8.69,11.94
36005004600,82252,5.34,10.69
36005004800,85317,4.83,7.7
36005005001,85317,2.12,7.97
36005005002,85317,1.54,5.56
36005005400,85003,2.56,4.88
36005006302,83382,4.67,5.19
36005006400,84225,3.29,5.45
36005006500,DSNY-BRS-1337,3.15,4.55
36005006800,84225,7.53,8.89
36005007000,80162,8.03,10.28
36005007200,80162,5.66,6.45
36005007400,85507,6.03,7.78
36005007600,80162,6.23,7.2
36005007800,85507,9.78,10.06
36005007900,FPC-422,1.46,3.37
36005008300,FPC-422,3.48,4.73
36005008400,81145,8.99,11.49
36005008500,83921,1.51,4.43
36005008600,81145,3.17,7.3
36005008700,83921,5.98,7.24
36005009200,FPC-670,6.67,9.36
36005009600,FPC-580,3.06,7.05
36005011701,84728,2.78,4.0
36005011702,85423,7.27,10.95
36005011900,DSNY-BRS-1354,9.46,9.71
36005012101,85387,4.01,6.12
36005012102,85387,7.54,9.24
36005012500,85318,2.49,3.98
36005012901,82210,2.96,4.48
36005013000,85081,6.9,18.01
36005013100,82293,1.91,2.11
36005013200,85081,10.97,20.4
36005013300,FPC-663,3.08,3.94
36005013500,84268,3.25,3.73
36005014400,85081,5.55,17.14
36005014900,85298,2.89,4.85
36005015100,81064,2.2,4.2
36005015200,85081,8.66,18.93
36005015300,81665,3.03,4.52
36005015800,85081,3.06,16.92
36005016000,85081,12.4,20.33
36005016200,85081,9.55,18.91
36005016300,81665,4.57,7.33
36005016400,85081,15.47,21.0
36005017100,85541,5.23,5.78
36005017500,84129,1.7,3.68
36005017701,83918,3.35,3.57
36005017702,85541,1.84,3.98
36005017901,81113,2.78,3.84
36005017902,83918,2.84,3.45
36005018101,85294,3.37,3.97
36005018102,85435,0.93,2.79
36005018302,85294,2.67,4.58
36005018400,85174,16.39,20.22
36005018900,83382,0.82,4.02
36005019700,84438,1.86,3.12
36005019900,87090,4.18,5.36
36005020200,85174,4.16,5.49
36005020400,85494,5.62,8.27
36005020601,FPC-580,5.41,7.06
36005020900,85239,2.38,5.92
36005021002,FPC-670,5.5,7.26
36005021100,80077,2.29,2.53
36005021301,85239,4.14,6.02
36005021302,DSNY-BRS-1348,4.46,4.86
36005021501,FPC-11,6.1,9.24
36005021502,85239,5.84,8.34
36005021700,85239,6.21,7.34
36005021800,84225,8.61,9.03
36005021900,DSNY-BRS-1348,1.81,3.62
36005022101,DSNY-BRS-1348,3.06,3.17
36005022102,81113,1.84,3.49
36005022300,DSNY-BRS-1348,3.57,5.13
36005022403,80086,1.78,2.16
36005022404,FPC-513,3.18,3.49
36005022500,85541,4.22,6.35
36005022701,81316,5.39,6.15
36005022702,85239,3.8,6.29
36005022703,85292,3.73,6.56
36005022800,FPC-513,3.46,3.63
36005022901,85292,2.28,4.89
36005022902,85292,1.15,4.26
36005023100,85385,2.98,4.07
36005023200,DSNY-BRS-2157,2.84,3.84
36005023301,81316,0.82,4.78
36005023302,81316,4.66,5.47
36005023600,85453,0.38,1.57
36005023704,Plentiful-1342,3.13,3.3
36005023900,85300,2.85,4.06
36005024100,87062,2.63,3.33
36005024300,87062,3.83,5.25
36005024400,DSNY-BRS-2157,8.37,9.69
36005024501,87062,7.92,9.04
36005024502,87062,6.14,7.61
36005024600,FPC-513,7.29,7.48
36005024800,80086,8.43,8.5
36005024900,FPC-675,6.93,7.99
36005025000,FPC-513,12.48,12.57
36005025100,FPC-675,1.35,3.42
36005025200,85494,11.41,11.86
36005025300,80175,2.3,3.45
36005025400,85494,10.89,14.47
36005025500,80175,4.43,5.81
36005026100,DSNY-BRS-1358,5.55,7.54
36005026300,DSNY-BRS-1358,2.79,4.75
36005026400,85503,14.15,17.18
36005026500,81348,6.84,8.03
36005026601,85503,8.66,12.15
36005026602,FPC-666,12.46,14.99
36005026701,DSNY-BRS-1358,10.43,11.21
36005026702,FPC-676,8.28,9.88
36005027300,FPC-676,6.54,7.79
36005027700,FPC-676,1.19,6.32
36005027900,FPC-665,2.99,9.42
36005028100,FPC-665,8.89,13.8
36005028600,85494,9.69,13.18
36005028700,FPC-665,7.15,8.09
36005028800,FPC-661,13.53,15.94
36005028900,FPC-671,3.24,5.41
36005029500,FPC-671,10.5,11.33
36005029600,FPC-661,9.19,12.6
36005030000,FPC-666,4.63,10.41
36005030100,FPC-671,12.81,15.95
36005030201,FPC-666,11.97,19.88
36005030701,FPC-665,18.73,21.96
36005030900,FPC-671,25.79,28.67
36005031000,FPC-666,9.12,10.76
36005031200,FPC-661,2.05,10.14
36005031400,FPC-661,1.55,10.21
36005031600,FPC-661,5.16,11.29
36005031800,FPC-661,8.32,13.09
36005031900,FPC-665,43.4,49.27
36005032300,FPC-665,32.71,38.27
36005032400,80086,11.3,11.63
36005032600,FPC-661,12.72,14.89
36005032800,80086,9.98,10.35
36005033000,80086,9.35,9.73
36005033201,80086,7.15,7.45
36005033202,80086,12.36,12.71
36005033601,83304,12.24,13.25
36005033602,83304,9.14,10.4
36005033801,81671,13.11,14.91
36005033802,81671,8.74,11.84
36005034000,81671,11.82,14.87
36005034200,81671,12.7,14.17
36005034300,FPC-665,37.59,44.47
36005034400,81315,12.11,13.58
36005034800,81315,7.29,9.38
36005035600,85455,11.03,12.35
36005035900,81435,0.63,4.04
36005036000,85455,6.7,7.5
36005036300,85461,3.6,5.78
36005036400,85533,2.91,4.64
36005036501,85461,4.73,5.87
36005036800,85533,8.31,9.82
36005036901,80065,3.3,5.32
36005036902,80065,3.9,6.85
36005037000,81671,7.66,10.2
36005037100,84788,4.76,6.12
36005037200,81671,3.95,7.81
36005037300,84788,1.03,3.77
36005037400,83304,3.19,6.2
36005037504,84788,2.72,3.7
36005037900,80136,3.7,4.56
36005038000,81671,3.35,5.74
36005038100,Plentiful-1342,3.37,5.04
36005038200,85533,7.44,10.65
36005038301,FPC-527,2.27,3.8
36005038303,81637,1.7,3.17
36005038600,85533,6.1,8.87
36005038700,80179,2.07,4.8
36005038800,85177,8.66,9.17
36005039000,80160,6.07,6.58
36005039100,Plentiful-1528,1.93,2.72
36005039200,83333,2.48,3.98
36005039400,80160,5.33,6.45
36005039600,80160,1.01,4.72
36005039800,85177,4.25,5.96
36005040302,84228,5.39,7.36
36005040303,84228,3.07,6.99
36005040304,84228,6.61,8.81
36005040400,85109,0.95,2.51
36005040501,84228,5.67,5.96
36005040502,80121,3.0,4.18
36005040600,83678,3.61,4.31
36005040701,84228,2.09,5.4
36005040702,85433,2.57,4.5
36005040800,83678,3.09,6.9
36005040900,84228,7.94,9.27
36005041500,85433,3.76,4.28
36005041900,87096,5.02,6.22
36005042000,83678,4.73,8.18
36005042100,85339,5.19,9.52
36005042200,83678,4.47,6.48
36005042300,85480,2.52,5.1
36005042400,85109,4.14,5.72
36005042800,FPC-674,2.79,6.6
36005042902,85480,4.91,6.75
36005043000,84883,3.97,6.83
36005043101,85339,3.55,10.51
36005043400,85327,0.79,5.77
36005043600,85327,2.43,5.45
36005044200,85371,5.98,10.96
36005044400,85371,5.41,8.02
36005044800,FPC-674,4.41,9.07
36005044901,83678,19.71,22.28
36005044902,83678,17.33,20.02
36005045102,83678,14.35,15.13
36005045600,85505,11.14,11.54
36005045800,85456,4.18,7.37
36005046000,85456,8.78,10.86
36005046203,85307,7.6,12.23
36005046204,85307,12.27,19.2
36005046206,85307,8.12,15.14
36005046207,85307,4.26,11.76
36005046208,85307,9.6,10.66
36005046209,85307,4.31,6.11
36005048401,83469,3.24,4.15
36005048402,83469,7.9,8.65
36005050400,85307,32.87,36.25
36005051601,FPC-715,43.54,48.44
36005051602,FPC-715,62.46,67.13
36081000200,85243,4.97,14.56
36081000400,85243,4.15,12.64
36081000600,85243,8.76,12.25
36081000702,85367,7.41,13.18
36081000800,85243,7.84,11.45
36081001000,85243,3.58,12.8
36081001200,85243,4.09,14.88
36081001400,85243,9.25,13.7
36081001600,85243,8.82,11.73
36081002200,84936,8.95,13.84
36081002400,84936,6.89,10.78
36081002600,84936,6.14,7.98
36081002800,84936,1.44,8.3
36081003000,84936,4.72,11.04
36081003100,85274,2.34,4.39
36081003200,81592,5.14,8.48
36081003302,85483,2.63,4.26
36081003400,85243,11.23,11.35
36081003800,81592,1.35,7.22
36081004001,81592,2.56,7.93
36081004002,81592,6.64,7.79
36081004200,FPC-695,9.17,12.09
36081004300,84960,2.85,6.85
36081004500,FPC-506,5.18,6.52
36081004700,84960,7.7,9.26
36081005000,FPC-695,6.72,11.23
36081005100,85274,5.97,7.57
36081005200,FPC-695,5.24,10.81
36081005300,Plentiful-1469,9.38,10.47
36081005500,84174,9.21,10.55
36081005700,80971,9.84,13.4
36081006300,80971,9.63,10.62
36081006501,85244,10.32,13.21
36081006502,85244,7.13,12.47
36081006900,Plentiful-1469,11.38,12.05
36081007100,Plentiful-1469,8.63,10.29
36081007300,Plentiful-1469,5.26,7.91
36081007500,Plentiful-1469,4.35,7.81
36081007700,FPC-506,1.85,4.5
36081007900,FPC-506,3.62,4.89
36081008100,85350,4.52,5.79
36081008300,85350,5.87,7.93
36081008500,84960,1.13,5.17
36081009400,85163,1.37,10.01
36081009500,Plentiful-1469,14.81,15.3
36081009600,85163,3.45,13.24
36081009700,Plentiful-1469,19.4,20.2
36081009800,85163,7.68,11.24
36081009900,85350,14.55,17.71
36081010000,85163,7.22,12.05
36081010100,85244,23.27,23.45
36081010200,83578,12.12,13.28
36081010300,85244,24.15,26.24
36081010400,83578,7.31,10.76
36081010500,85244,27.5,29.3
36081010800,83578,9.17,11.45
36081011000,85163,8.98,11.44
36081011100,85244,24.33,30.28
36081011200,85163,5.97,10.08
36081011300,85244,20.4,26.51
36081011400,84936,7.94,9.76
36081011500,85244,17.43,21.48
36081011600,84936,8.37,10.27
36081011700,85244,14.17,20.66
36081011800,83879,7.91,10.04
36081011900,85244,14.11,19.9
36081012000,85251,8.18,8.66
36081012100,85244,17.52,21.39
36081012200,84258,1.99,3.01
36081012400,83879,2.29,4.35
36081012601,83879,3.28,5.96
36081012602,84936,3.19,6.6
36081012800,83879,5.8,6.87
36081013200,84132,4.37,7.08
36081013400,84132,10.28,12.63
36081013500,83361,16.76,18.82
36081013800,85251,13.74,14.48
36081014000,84258,9.82,9.94
36081014201,85251,7.73,9.12
36081014202,85251,10.17,11.27
36081014300,85244,5.32,12.47
36081014400,85251,2.3,3.8
36081014500,85244,5.31,10.91
36081014700,85244,1.21,8.47
36081014800,85251,8.43,9.48
36081014900,85244,3.26,8.69
36081015000,83578,9.7,10.32
36081015100,85244,3.9,7.66
36081015200,81001,14.07,14.81
36081015300,80971,3.75,8.08
36081015400,83578,8.12,10.83
36081015600,83578,5.54,10.46
36081015700,80971,6.88,12.6
36081015801,81001,7.0,9.78
36081015802,83578,3.57,9.89
36081016100,80971,4.75,10.27
36081016300,85244,8.21,8.94
36081016400,81001,3.69,7.79
36081016800,81001,8.36,11.41
36081016900,80971,14.31,14.46
36081017000,81001,1.69,6.85
36081017200,81001,3.66,7.52
36081017400,82104,5.43,7.84
36081017600,82104,6.43,8.22
36081017800,83351,6.65,8.9
36081017901,84174,1.8,8.85
36081017902,FPC-510,4.34,7.08
36081018000,83351,2.62,7.56
36081018101,84174,3.56,9.32
36081018102,84174,5.57,10.07
36081018200,Plentiful-1441,6.15,6.55
36081018300,84174,8.08,12.89
36081018401,83270,2.4,6.47
36081018402,83270,7.56,11.19
36081018501,84105,2.38,7.76
36081018502,84105,4.84,8.35
36081018600,83351,9.01,10.24
36081018700,84105,3.88,8.02
36081018800,82104,7.32,9.96
36081018900,83628,5.47,7.49
36081019000,84140,7.19,8.48
36081019200,84519,6.73,8.03
36081019400,84519,3.84,6.46
36081019600,84140,3.21,3.99
36081019800,84519,3.99,5.38
36081019901,83628,4.43,8.4
36081019902,83628,8.13,13.23
36081019903,83628,5.69,11.4
36081020200,84519,5.74,9.08
36081020400,80871,4.93,6.18
36081020500,84105,10.32,15.87
36081020600,84519,11.11,11.28
36081020800,85167,9.52,10.55
36081021200,85167,5.36,11.59
36081021400,85167,4.66,11.82
36081021602,85167,8.64,13.32
36081021603,80957,13.27,15.31
36081022001,85467,13.26,14.74
36081022002,80997,10.05,11.77
36081023000,80997,9.38,9.9
36081023200,85167,7.51,10.69
36081023501,84105,3.68,11.02
36081023502,84105,7.64,12.28
36081023600,FPC-702,3.68,4.18
36081023800,85167,3.02,7.0
36081024000,80952,5.94,6.59
36081024600,85510,1.71,3.44
36081025100,84884,8.3,14.94
36081025301,84105,11.72,14.41
36081025302,84105,12.23,13.82
36081025401,80871,2.33,3.68
36081025402,84665,1.5,2.21
36081025500,84884,10.56,12.22
36081025700,84884,8.62,12.06
36081025800,FPC-693,2.92,4.91
36081025900,84884,5.89,12.17
36081026000,FPC-708,2.22,4.01
36081026200,83294,1.0,3.3
36081026400,80876,2.71,4.18
36081026600,80866,2.69,4.78
36081026700,FPC-603,1.06,4.12
36081026901,FPC-598,2.09,4.53
36081026902,FPC-598,5.16,5.68
36081027000,83294,2.57,5.07
36081027101,FPC-598,6.51,8.49
36081027102,FPC-598,5.1,8.58
36081027200,83294,10.12,11.31
36081027301,80936,7.68,9.09
36081027302,80936,4.52,7.04
36081027400,83294,8.69,10.03
36081027500,80936,8.07,9.31
36081027600,80876,6.06,7.12
36081027701,FPC-598,5.98,9.62
36081027702,84594,8.66,9.3
36081027800,FPC-690,7.46,9.49
36081027900,FPC-598,5.55,9.22
36081028000,FPC-690,2.86,5.56
36081028100,FPC-598,5.84,7.64
36081028200,84887,2.69,5.15
36081028300,FPC-598,5.14,6.01
36081028400,85284,5.86,7.41
36081028500,FPC-597,4.94,6.36
36081028700,FPC-597,4.63,6.11
36081028801,83270,8.25,12.02
36081028802,85284,10.71,12.38
36081028900,FPC-597,4.73,7.35
36081029500,80891,5.43,9.54
36081030903,FPC-597,5.74,7.54
36081032700,84594,5.18,6.75
36081032800,85448,5.63,8.79
36081033000,85255,6.42,7.7
36081033401,85284,6.83,11.01
36081033403,85284,5.76,10.48
36081033404,85255,6.84,10.4
36081033405,85255,4.12,9.6
36081033700,84594,2.38,6.96
36081033900,84594,2.12,7.34
36081035100,84594,4.9,7.5
36081035200,82077,4.52,5.75
36081035300,80936,6.41,6.46
36081035800,82077,5.0,6.07
36081036100,83623,3.98,6.25
36081036300,83623,2.74,3.91
36081036500,83623,4.68,5.35
36081036600,80984,6.06,9.12
36081036700,83623,2.78,7.54
36081036800,80984,7.45,8.5
36081037300,80893,3.86,8.61
36081037501,FPC-605,6.22,7.64
36081037502,80936,3.68,5.74
36081037600,84142,4.27,9.13
36081037700,81146,2.33,4.47
36081037900,80893,4.26,5.94
36081038301,85511,15.07,16.93
36081038400,85538,4.72,9.19
36081039400,82133,4.7,5.15
36081039800,80959,3.95,5.06
36081039901,FPC-600,6.51,8.05
36081039902,FPC-600,3.77,6.86
36081040000,80959,2.29,5.39
36081040101,FPC-599,3.56,5.61
36081040102,FPC-600,1.94,4.38
36081040200,84471,5.59,6.42
36081040301,FPC-599,3.06,4.82
36081040302,FPC-599,2.58,4.41
36081040400,84471,4.9,6.77
36081040501,FPC-601,0.52,3.53
36081040502,FPC-605,2.52,4.1
36081040701,FPC-601,2.25,4.52
36081040702,FPC-605,1.63,5.37
36081040901,FPC-605,4.4,6.2
36081040902,FPC-605,3.9,6.52
36081041100,FPC-602,6.9,8.3
36081041300,FPC-601,5.83,7.62
36081041400,84980,5.28,7.27
36081041500,FPC-599,7.13,8.45
36081042700,87233,11.35,11.83
36081043701,87233,4.37,9.65
36081043702,83290,5.67,6.79
36081043900,FPC-602,8.09,9.6
36081044000,85323,8.44,9.06
36081044301,FPC-602,3.67,7.63
36081044302,FPC-602,1.83,7.19
36081044400,85323,8.16,11.69
36081044601,80929,0.64,0.92
36081044602,83296,1.07,1.8
36081044800,FPC-702,3.36,4.39
36081045000,83696,7.4,8.31
36081045600,80904,12.1,13.61
36081045700,83697,6.22,8.28
36081045900,83697,3.28,8.48
36081046000,FPC-538,2.21,3.18
36081046100,83697,2.23,9.41
36081046400,85323,14.05,15.95
36081046500,FPC-605,7.81,8.65
36081046700,83697,6.62,9.73
36081046800,85323,8.49,12.55
36081046901,83697,7.0,8.45
36081046902,83697,7.56,10.5
36081047000,82033,9.97,13.43
36081047200,82033,13.88,15.69
36081047300,85024,5.55,7.71
36081047801,FPC-694,1.29,8.11
36081047802,FPC-694,4.74,7.64
36081048000,82033,5.35,10.74
36081048100,FPC-603,5.82,7.69
36081048200,82033,4.51,8.23
36081048400,80880,5.85,8.67
36081049201,80880,8.33,13.37
36081049202,80880,2.72,10.69
36081049301,84504,8.82,15.12
36081049302,84504,13.45,15.65
36081049500,85535,11.63,17.06
36081049600,80880,5.68,10.76
36081049700,84504,10.45,12.61
36081050000,82033,5.42,8.22
36081050201,85275,4.49,6.0
36081050202,85306,6.55,6.99
36081050400,85275,2.95,3.24
36081050500,85165,5.29,8.92
36081050600,85306,2.78,3.77
36081050800,Plentiful-1392,1.24,2.46
36081051000,85071,4.39,5.54
36081051200,85071,4.92,6.27
36081051300,84504,10.38,16.63
36081051600,84720,4.14,7.19
36081051700,84504,21.54,24.13
36081051800,85071,7.29,7.75
36081052000,Plentiful-1392,7.54,8.05
36081052100,FPC-686,22.46,25.13
36081052200,85306,8.06,8.59
36081052400,80959,6.03,6.72
36081052600,Plentiful-1372,3.13,5.95
36081052800,Plentiful-1372,3.72,6.01
36081053000,84142,7.98,8.87
36081053100,FPC-686,25.68,26.52
36081053200,85538,7.25,8.46
36081053401,84720,4.49,7.91
36081053601,80917,3.1,5.51
36081053800,84720,5.43,7.79
36081053901,FPC-439,14.25,16.66
36081053902,FPC-686,13.26,17.14
36081054000,85444,3.06,7.61
36081054200,85444,7.38,10.2
36081054500,FPC-686,9.79,12.14
36081054700,DSNY-BRS-2176,7.27,8.88
36081054800,80880,8.93,12.5
36081054900,DSNY-BRS-2176,4.64,6.89
36081055100,DSNY-BRS-2176,3.19,4.7
36081055200,80880,14.7,15.49
36081055300,DSNY-BRS-2176,1.81,6.72
36081055400,83874,8.33,11.77
36081055500,DSNY-BRS-2176,4.32,5.92
36081055600,85221,8.67,11.67
36081055700,83630,1.06,3.38
36081055800,85221,2.87,6.74
36081055900,FPC-681,4.23,7.21
36081056100,FPC-484,14.61,15.08
36081056200,83874,4.47,7.84
36081056500,FPC-681,2.01,6.52
36081056600,85221,2.7,5.18
36081056700,85348,6.86,6.91
36081057700,FPC-484,2.44,3.37
36081057900,FPC-484,3.84,4.41
36081058200,84720,9.15,10.82
36081058500,FPC-683,2.75,3.55
36081058700,FPC-686,4.54,5.92
36081058900,FPC-686,1.43,6.91
36081059000,84720,7.77,11.61
36081059100,FPC-686,7.42,12.05
36081059300,FPC-686,6.67,10.14
36081059400,85314,9.02,13.59
36081059501,FPC-686,9.78,15.3
36081059600,85314,9.55,10.21
36081059800,85538,6.3,9.29
36081059900,FPC-686,17.06,19.94
36081060000,85314,4.84,11.62
36081060600,85314,5.13,12.34
36081060800,85538,5.9,10.57
36081061000,85538,9.11,11.82
36081061200,85314,8.97,14.86
36081061302,FPC-484,15.27,15.52
36081061400,85314,9.39,17.66
36081061601,85022,14.96,15.4
36081061602,85022,10.09,15.88
36081061800,85022,7.49,8.54
36081061900,85535,21.19,22.12
36081062300,FPC-484,16.4,17.26
36081062500,FPC-484,11.77,12.59
36081062600,85161,5.04,6.98
36081062700,FPC-484,7.37,8.13
36081062900,FPC-484,10.59,11.69
36081063200,85264,3.14,6.52
36081063301,85243,20.38,21.44
36081064101,84936,12.79,17.24
36081064500,84603,18.54,24.09
36081064600,83999,1.95,4.86
36081065000,83999,5.07,8.75
36081065401,85022,13.67,16.28
36081065402,83999,16.89,18.18
36081065600,85022,18.69,23.65
36081065702,85535,18.69,19.86
36081065703,85535,16.7,22.9
36081066000,85022,19.81,23.61
36081066301,85535,8.3,15.33
36081066302,85535,8.28,17.49
36081066402,85022,23.55,25.94
36081066403,85022,29.68,33.05
36081066701,85535,13.94,21.26
36081067100,85535,2.99,11.51
36081067700,85535,13.13,18.04
36081067900,85165,10.44,12.68
36081068200,85448,6.96,10.7
36081068300,85165,6.02,8.81
36081069300,85107,5.74,8.54
36081069500,85165,8.44,12.35
36081069701,85107,5.73,8.42
36081069702,85107,11.93,12.56
36081070300,84603,11.62,16.99
36081070700,84603,10.6,17.24
36081070900,84603,5.05,11.81
36081071303,DSNY-BRS-1033,4.85,6.25
36081071304,84207,1.91,5.31
36081071305,84603,3.8,6.32
36081071701,85107,1.56,5.24
36081071900,85107,6.13,6.51
36081072100,84207,5.07,6.42
36081072300,84603,9.17,15.51
36081072900,84603,13.06,19.87
36081073700,84603,10.68,13.25
36081073900,DSNY-BRS-1033,7.55,10.14
36081074100,DSNY-BRS-1033,0.24,6.9
36081074300,87233,6.0,7.23
36081074500,87233,0.83,8.7
36081074700,DSNY-BRS-1033,6.52,9.18
36081075701,80957,6.72,14.96
36081075702,DSNY-BRS-1033,9.6,13.58
36081077902,85467,4.53,13.14
36081077903,85467,7.56,11.17
36081077904,84205,2.97,6.02
36081077905,80997,4.42,6.97
36081077906,85467,7.95,9.84
36081077907,85467,3.03,8.71
36081077908,84205,7.25,8.87
36081078800,84768,2.83,5.9
36081079000,Plentiful-1441,1.3,4.29
36081079200,Plentiful-1441,4.71,6.21
36081079300,85467,18.3,19.6
36081079701,85457,3.84,6.23
36081079702,80996,9.8,11.37
36081079900,85457,12.72,15.0
36081080301,85457,17.6,19.61
36081080302,85520,13.49,16.81
36081081400,83351,5.37,8.46
36081081800,83351,7.98,12.94
36081083700,85520,12.63,13.95
36081083800,81001,18.34,20.04
36081084000,81001,15.26,17.1
36081084500,85457,6.74,8.66
36081084601,80942,15.37,21.5
36081084602,83351,19.28,22.47
36081084901,80996,11.64,13.98
36081084902,80996,6.66,9.76
36081085700,85457,3.98,4.41
36081085900,85457,1.27,2.8
36081086100,85436,2.09,3.65
36081086400,85163,12.43,17.5
36081086500,85511,4.45,6.77
36081086900,85511,6.05,9.06
36081087100,85511,8.73,11.7
36081088902,FPC-508,2.92,8.27
36081088903,FPC-508,9.38,17.3
36081089202,80942,24.63,30.17
36081091602,85234,53.27,74.48
36081091603,85234,34.24,52.12
36081091604,85234,39.32,52.08
36081091800,85234,69.88,81.27
36081092200,83379,61.28,83.14
36081092500,FPC-507,4.12,11.81
36081092800,83379,52.5,80.51
36081092900,FPC-678,2.75,15.35
36081093401,83379,43.93,64.82
36081093402,83379,36.58,57.5
36081093800,83379,24.23,45.14
36081094203,83379,0.57,21.37
36081094500,FPC-507,14.76,20.43
36081094700,FPC-507,2.51,12.3
36081097204,82054,2.47,5.17
36081097205,85485,1.28,6.65
36081097206,82034,3.61,7.9
36081097207,85485,11.31,13.65
36081099703,FPC-511,45.49,48.0
36081099704,85053,40.05,44.66
36081099801,82743,5.76,8.76
36081099802,82743,4.6,12.55
36081099900,85053,54.91,56.68
36081100801,87274,14.02,17.7
36081100803,81150,6.55,6.96
36081100804,82743,12.06,14.21
36081101002,FPC-496,12.32,12.92
36081101003,81150,2.8,3.75
36081101004,81150,10.12,11.13
36081103300,84267,26.04,30.21
36081103900,FPC-508,24.52,29.88
36081104700,FPC-508,13.83,17.75
36081105900,84267,18.91,22.93
36081108500,85053,23.41,31.31
36081109300,FPC-511,34.44,39.65
36081109700,85053,30.59,34.8
36081109900,85053,20.2,29.81
36081113300,85053,20.51,28.81
36081113900,85053,13.15,23.73
36081114100,85053,15.38,22.06
36081114700,85053,13.81,17.84
36081115100,84267,11.64,16.02
36081115500,84267,9.08,14.68
36081115700,84267,9.02,14.4
36081115900,85511,11.06,12.16
36081116100,85511,5.19,8.38
36081116301,85436,8.8,9.96
36081117100,85053,8.26,11.22
36081117500,85053,5.5,16.49
36081118100,85053,14.34,26.05
36081118500,85053,4.18,10.57
36081118700,84267,3.14,6.72
36081118900,84267,7.29,7.56
36081119100,85053,7.96,10.73
36081119300,85053,2.8,13.53
36081119500,85053,6.22,15.4
36081119900,84267,10.71,11.96
36081120100,84607,5.95,7.84
36081120300,84607,11.33,13.26
36081120500,84607,5.52,7.52
36081120701,85053,14.02,18.57
36081120702,85053,10.48,18.03
36081121100,85520,16.8,18.83
36081121500,85520,11.4,16.54
36081122300,85484,16.73,19.46
36081122703,85484,8.37,13.19
36081122704,85484,10.66,12.76
36081124100,83696,11.43,12.99
36081124700,83696,15.6,18.64
36081126500,83696,2.02,5.95
36081129102,80880,18.7,21.48
36081129104,FPC-511,26.76,27.82
36081130100,83874,16.11,19.65
36081133900,83696,20.71,27.36
36081134100,83696,26.02,26.87
36081134701,FPC-694,33.89,34.83
36081134702,FPC-694,31.64,35.91
36081136700,FPC-511,17.26,30.82
36081137700,FPC-511,14.36,31.15
36081138501,FPC-511,2.12,35.58
36081140300,FPC-511,18.25,35.56
36081140901,FPC-511,24.51,33.38
36081140902,85053,29.05,34.64
36081141700,85053,23.08,27.01
36081142900,85053,21.11,29.54
36081144100,FPC-511,8.19,34.54
36081144700,FPC-511,18.0,35.22
36081145101,85053,18.26,27.62
36081145102,FPC-511,24.49,30.49
36081145900,85053,11.64,22.62
36081146300,85053,21.36,28.42
36081146700,FPC-511,20.54,31.77
36081147100,FPC-511,11.76,38.69
36081147900,FPC-511,26.97,56.33
36081150701,FPC-511,21.32,46.81
36081150702,FPC-511,33.04,55.16
36081152902,FPC-511,36.92,50.66
36081155101,83874,47.42,54.58
36081155103,83874,46.94,49.99
36081155104,83874,50.13,52.79
36081157902,83874,38.96,41.31
36005036100,81435,5.12,7.98
36005012701,83465,4.46,5.33
36005015900,82293,5.26,6.27
36005020502,FPC-11,6.29,11.21
36005039902,DSNY-BRS-1357,4.54,5.25
36005000400,FPC-349,11.17,15.51
36081093900,FPC-507,10.92,19.31
36005042600,FPC-674,4.14,8.94
36061003800,DSNY-BRS-1058,5.29,6.03
36061001001,85193,6.25,7.51
36061001502,85345,7.63,11.39
36061004800,FPC-252,1.61,6.61
36061004400,81685,5.94,7.61
36061006400,84055,4.74,5.18
36061022900,Plentiful-1365,1.73,4.26
36061017800,81980,3.45,4.04
36061000500,82188,16.23,17.65
36061031900,FPC-528,4.01,7.03
36081008700,85350,2.01,9.01
36081071600,85288,32.97,33.6
36081094201,83379,12.7,33.54
36081094202,83379,5.83,21.79
36081111300,FPC-511,19.01,44.52
36081148300,FPC-511,29.14,56.04
36081080900,85520,9.06,10.89
36081122702,85484,3.24,8.52
36081125700,84205,6.14,7.65
36081126700,83696,6.76,11.97
36081139900,FPC-511,10.68,34.15
36081143500,FPC-511,15.91,33.66
36081157901,82976,48.19,50.35
36081157903,82976,35.94,37.67
36081042400,85238,8.17,9.75
36081043400,85238,2.34,3.79
36081042600,84887,5.95,7.23
36081043200,FPC-690,4.19,5.9
36081045200,80904,7.13,8.26
36081045400,80904,6.08,7.53
36081005900,80971,8.34,11.04
36081006100,80971,8.54,10.38
36081058100,DSNY-BRS-1011,1.92,3.31
36081058300,FPC-499,1.86,2.26
36061023501,85358,2.79,3.17
36081047900,85024,3.58,10.19
36081062400,85264,13.88,15.08
36081062000,85264,10.3,12.83
36081063000,85264,7.65,9.36
36005019300,DSNY-BRS-1346,5.08,5.98
36061021900,80519,4.98,6.5
36061022302,80519,7.67,10.02
36081133300,FPC-694,23.8,29.03
36061012400,80522,2.81,3.74
36005021200,FPC-670,2.81,3.61
36005022200,FPC-670,2.56,6.16
36081065501,84603,19.52,22.54
36061027900,80618,4.14,7.82
36061028300,85357,8.49,9.58
36061028500,85357,4.65,7.61
36061014401,FPC-170,5.06,7.79
36061001600,FPC-374,0.43,3.22
36081037100,83623,7.09,9.89
36005008900,85472,4.64,6.15
36061001200,84743,1.35,2.73
36081112300,FPC-511,22.98,34.73
36081112900,FPC-511,27.08,31.86
36005042901,85480,3.83,6.2
36005043102,85339,4.55,7.39
36081026300,84884,6.07,9.53
36081013600,80957,11.82,13.37
36081005400,FPC-695,2.74,8.69
36081008600,85163,9.0,10.91
36081066401,85448,34.84,37.21
36081066404,85448,24.17,27.29
36081066900,85535,7.27,17.11
36081030600,85288,6.73,12.11
36081048500,85024,5.47,9.0
36081012500,85244,12.93,16.61
36005038900,DSNY-BRS-2184,4.7,5.46
36005029301,Plentiful-1361,15.07,16.69
36005029302,Plentiful-1361,8.01,10.8
36081013000,84132,4.77,7.48
36081073100,84603,16.33,18.73
36081074900,80957,8.7,16.57
36005042500,85225,1.91,2.41
36081026502,84504,8.19,8.72
36081026501,FPC-603,6.05,7.95
36081048301,FPC-603,6.02,7.32
36005002800,85317,7.01,10.17
36005005200,85317,4.53,8.53
36081066100,85535,12.38,20.82
36081065900,85535,15.38,20.83
36081066501,85535,12.53,21.71
36005020000,85494,1.09,6.79
36005025600,85494,4.87,10.49
36081102900,84267,33.31,34.79
36081097300,FPC-507,28.13,32.63
36081098100,85081,39.94,41.26
36081060100,FPC-686,14.03,17.06
36081063302,85243,22.73,23.7
36081063500,85243,20.01,27.53
36081062100,85535,24.82,28.57
36081063700,85243,22.94,25.9
36081077500,80957,7.34,13.84
36005039700,80121,5.45,5.75
36005039300,DSNY-BRS-2184,0.43,1.93
36005029700,FPC-671,10.92,13.24
36081063900,85243,18.89,22.62
36081064102,84936,17.3,19.02
36081046300,83697,4.81,9.43
36081047100,83697,3.91,8.13
36005035000,81315,4.32,7.01
36005035800,85455,4.25,5.89
36081077300,80957,5.7,15.27
36081024900,84884,3.27,12.34
36081026100,84884,4.13,11.08
36061021000,80764,4.73,4.95
36061021200,83883,1.82,2.29
36005027600,FPC-666,10.12,18.26
36061015502,81119,6.06,6.32
36081010701,85244,33.27,34.99
36081012301,83361,23.02,25.24
36005037800,Plentiful-1430,3.91,4.19
36081085300,80996,3.08,7.13
36005026900,DSNY-BRS-1358,8.01,9.99
36081161700,82976,22.65,24.35
36081035700,83623,10.03,12.27
36005009301,DSNY-BRS-1354,3.49,4.05
36005023501,84841,4.19,4.74
36005023502,84841,5.28,5.5
36081099701,85053,34.36,39.83
36081101700,85053,30.77,33.86
36005023702,81348,2.55,3.75
36005039901,DSNY-BRS-1357,3.9,7.07
36005023703,85300,1.25,2.2
36005040100,81348,4.63,7.59
36005016900,80081,1.86,5.39
36081085500,80996,2.84,5.62
36081086300,85436,4.95,7.44
36061030700,80581,6.01,8.83
36005014702,80081,2.73,4.93
36081028803,83270,10.77,13.35
36081029400,85288,3.79,9.92
36005014300,84129,4.32,5.4
36005018501,84953,3.57,4.43
36081004401,FPC-99,10.13,11.81
36081005800,FPC-695,10.16,14.82
36061020101,81123,2.02,3.51
36061020300,85475,3.71,4.6
36081116302,84267,5.27,8.02
36081116700,84267,0.74,7.79
36081090700,FPC-508,9.72,15.07
36081091900,FPC-507,11.78,15.0
36081000103,85367,10.81,13.69
36081029700,80891,3.4,10.38
36061018500,FPC-482,4.05,5.61
36081022900,84105,12.04,17.05
36081051500,84504,13.87,20.44
36081000102,85367,14.65,18.2
36061023804,FPC-168,13.58,16.38
36061018900,FPC-77,3.95,5.09
36061019100,Plentiful-431,4.69,5.5
36081030906,80891,6.41,8.79
36081098700,FPC-715,41.29,43.77
36061013700,DSNY-BRS-1461,6.2,7.33
36061013900,82022,4.09,4.95
36061014500,85548,1.35,3.63
36061027700,85458,8.23,9.78
36081010600,83578,3.15,9.86
36081016600,83578,8.72,11.41
36061001002,85450,4.54,5.23
36005003300,80159,4.97,6.5
36081056000,83874,3.74,7.76
36081162100,83874,11.19,14.21
36081097202,82054,3.86,7.4
36081099200,82743,6.57,10.75
36081045800,85323,11.8,12.55
36081046200,85323,3.63,6.81
36081046600,85323,10.5,13.36
36061022700,80541,2.06,3.83
36061025900,80541,4.44,5.52
36061006000,DSNY-BRS-2114,4.76,6.82
36005001901,80721,9.46,10.61
36081015500,80971,3.48,9.39
36081015900,80971,3.28,11.19
36061002000,85450,2.84,3.52
36005009000,81145,7.29,12.07
36005009800,85507,3.91,7.85
36081000101,FPC-545,14.22,17.31
36081107201,83379,29.51,40.06
36081107202,83379,45.0,46.93
36005020100,85056,2.32,4.18
36005020501,FPC-11,1.51,6.26
36061007900,FPC-566,7.32,8.85
36061009901,FPC-566,7.15,7.89
36061014601,FPC-170,3.39,5.2
36061014602,FPC-170,1.78,4.06
36061014802,81139,3.87,4.15
36061026100,81608,4.04,5.47
36061025300,84068,3.43,5.9
36061026300,84068,3.18,3.96
36061019800,81353,2.88,3.11
36061019000,FPC-567,3.26,3.89
36061020000,85156,1.7,3.02
36061027300,80618,3.23,5.79
36061027500,80618,6.68,8.45
36061000700,85345,5.86,8.03
36061000900,FPC-528,3.89,7.87
36061003001,FPC-628,2.83,3.1
36061005900,87290,3.05,3.82
36061006100,FPC-559,1.61,3.02
36061005000,FPC-252,3.63,4.38
36061008603,FPC-168,9.49,10.59
36061010601,FPC-168,7.15,9.33
36061012800,85524,4.27,5.72
36061004700,82998,3.96,5.93
36061004900,81458,3.65,6.03
36061013203,80522,3.64,4.29
36061013400,80800,2.36,3.85
36061011000,FPC-168,2.37,6.62
36061013800,80800,3.19,5.02
36061014000,FPC-531,0.8,3.6
36061013603,80800,5.33,6.81
36061013604,FPC-170,6.55,8.78
36061014402,FPC-170,5.61,8.99
36061014200,FPC-531,4.61,5.52
36061002202,FPC-547,3.15,3.64
36061003002,85291,0.59,2.25
36061018200,FPC-607,0.75,3.89
36061018800,84245,2.04,2.69
36061017900,81249,3.39,4.39
36061018300,81546,4.02,4.61
36061016800,DSNY-BRS-1521,2.81,4.92
36081045500,83290,1.78,5.33
36081071702,83290,4.4,6.59
36005006700,82750,2.95,3.6
36005006900,FPC-530,1.89,3.66
36005003100,FPC-422,8.83,9.75
36005038304,81637,2.81,4.31
36005036502,80065,2.13,3.83
36005036700,80065,3.47,5.33
36005002001,82252,5.92,10.88
36005002400,82252,9.52,12.78
36005007700,FPC-578,0.95,1.46
36061023000,80745,1.4,2.44
36061023200,80745,3.38,4.73
36005043502,83333,12.44,12.82
36005043503,FPC-665,23.15,27.26
36005022401,FPC-662,2.78,2.83
36005023000,83397,5.23,5.67
36081095400,83379,14.74,17.13
36081096400,85485,9.86,13.86
36061020901,FPC-714,2.4,3.17
36061025700,FPC-287,2.6,5.24
36061019701,81123,1.18,2.85
36061020102,80474,2.46,3.04
36005015500,85283,4.03,5.41
36005038500,85108,2.26,2.74
36005039500,82851,1.54,2.33
36005028300,FPC-676,4.66,6.64
36005028500,FPC-665,5.45,10.91
36061006600,DSNY-BRS-2114,4.18,4.95
36061005600,84055,5.01,6.16
36061007400,82798,3.28,4.73
36081009100,85350,6.22,11.16
36061015200,FPC-170,6.06,9.56
36081033100,FPC-606,15.84,19.6
36081076901,80957,6.8,15.01
36081076902,80957,2.35,15.71
36081029900,80891,11.41,12.48
36081031700,83361,13.58,17.23
36061002500,FPC-622,9.53,9.94
36005027401,FPC-666,23.78,24.9
36005027402,FPC-666,23.71,26.62
36081071100,84603,0.81,7.17
36081071306,84207,2.83,6.16
36061016700,DSNY-BRS-1071,3.87,4.76
36081059200,85314,13.17,16.05
36081062200,85314,2.29,14.98
36081000104,85367,10.3,12.53
36081063800,85022,3.45,10.02
36081129103,80880,26.06,27.17
36061023300,Plentiful-1365,2.92,4.36
36061023700,FPC-276,3.81,4.81
36005041400,85327,9.06,12.08
36005041800,84883,6.44,8.24
36081053501,FPC-686,18.57,23.3
36081052500,FPC-686,19.73,23.56
36081059502,FPC-686,14.99,20.01
36005016500,80026,1.58,2.96
36005016700,80026,2.87,4.05
36081002500,87007,4.72,7.97
36061021400,85508,2.37,3.79
36061023600,81612,2.39,7.53
36005041100,85433,6.99,8.09
36005041300,85433,5.09,6.76
36005030202,FPC-666,18.85,23.54
36005046205,85307,16.92,18.08
36081156700,83874,27.37,30.7
36081157101,83874,29.87,32.53
36081157102,83874,22.04,24.94
36005043501,83333,6.3,7.1
36005045101,83678,12.71,13.18
36005028400,85503,5.31,10.36
36081000701,85367,12.45,17.38
36081001901,85367,4.94,9.21
36061012902,81507,6.86,8.4
36061013501,84270,3.92,6.82
36061013502,84270,3.01,4.13
36005014500,85370,1.55,2.64
36005014701,85298,2.76,4.62
36081001903,85367,5.08,8.09
36081003301,FPC-284,0.77,3.09
36061011500,FPC-548,0.88,2.18
36081008800,80942,15.1,16.69
36081006202,85378,15.8,18.62
36061015900,81119,1.72,1.92
36061016300,DSNY-BRS-1071,2.72,3.95
36085000300,85449,3.57,6.82
36085000600,Plentiful-1345,16.55,18.5
36085000700,Plentiful-1396,1.57,3.45
36085000800,Plentiful-1345,16.33,17.32
36085000900,Plentiful-1396,4.62,5.84
36085001100,83522,3.22,5.31
36085001700,83522,4.98,5.93
36085002001,84301,16.5,17.15
36085002100,85437,1.56,2.8
36085002700,82139,2.62,3.18
36085002900,FPC-609,2.68,3.25
36085003300,85068,3.83,7.08
36085003600,84802,8.57,11.09
36085003900,85068,11.31,14.24
36085004001,Plentiful-1345,4.3,5.38
36085004002,84802,3.96,7.04
36085004003,84802,1.93,5.17
36085004004,84802,9.12,9.88
36085004700,81559,14.11,14.39
36085005000,FPC-710,6.88,10.19
36085005902,83656,10.08,12.8
36085006400,FPC-619,3.45,3.76
36085006700,FPC-33,8.27,13.81
36085007001,FPC-613,5.9,8.36
36085007002,FPC-619,10.9,11.81
36085007400,84301,12.19,13.23
36085008100,FPC-610,7.9,9.54
36085009601,FPC-710,11.73,12.12
36085009602,FPC-611,7.52,11.29
36085009701,FPC-33,9.92,10.36
36085009702,FPC-33,13.2,16.76
36085010500,FPC-33,4.06,6.83
36085011201,FPC-612,9.11,10.39
36085011203,FPC-618,2.37,13.66
36085011401,FPC-611,4.01,12.23
36085011402,FPC-611,11.22,16.12
36085012100,FPC-33,10.9,13.81
36085012200,FPC-611,18.4,21.36
36085012805,FPC-617,23.27,38.07
36085012806,FPC-617,12.5,27.76
36085013301,85361,0.97,3.94
36085013302,FPC-620,5.84,6.57
36085013400,FPC-617,22.91,27.1
36085014607,85486,25.79,57.96
36085014608,85486,28.08,55.43
36085015100,81260,12.16,17.03
36085015400,85486,37.21,44.53
36085015601,85486,7.5,53.5
36085015602,85486,5.71,48.7
36085015603,85486,14.71,55.79
36085016901,81559,22.27,24.14
36085017005,85486,23.09,44.77
36085017007,85486,41.57,60.11
36085017009,81028,33.13,44.65
36085017011,85486,14.05,55.23
36085017012,85486,24.45,56.48
36085017013,81028,43.08,53.33
36085017014,81028,38.36,48.37
36085017015,85486,30.07,53.11
36085017300,83197,17.86,25.91
36085017600,85486,22.87,45.2
36085017701,81559,14.84,17.6
36085017702,81559,11.3,12.71
36085018100,83197,10.67,23.17
36085018701,FPC-381,16.05,21.3
36085018703,83197,12.84,22.11
36085018704,83197,14.36,23.85
36085018901,FPC-381,1.66,13.51
36085018902,FPC-381,10.54,16.22
36085019700,FPC-381,10.54,15.88
36085020100,81260,4.01,9.96
36085020701,FPC-27,6.32,6.45
36085020702,85454,2.93,3.53
36085020804,81028,20.61,38.19
36085020805,81028,29.89,49.46
36085020806,81028,34.09,48.99
36085022300,83521,6.63,10.11
36085022601,81028,9.32,26.76
36085022602,81028,25.95,35.18
36085022801,81028,59.22,66.33
36085023100,FPC-621,4.82,6.84
36085023900,83521,12.59,13.88
36085024401,FPC-616,6.57,9.04
36085024402,FPC-616,10.47,14.7
36085024800,FPC-616,8.67,10.29
36085025100,FPC-381,10.67,14.94
36085027301,85366,13.44,17.7
36085027302,83197,13.9,21.21
36085027702,85366,43.95,47.63
36085027704,85366,31.54,34.98
36085027705,85366,30.6,34.35
36085027706,85366,28.01,32.02
36085027900,83197,39.06,47.66
36085029102,FPC-711,35.06,42.03
36085029104,FPC-711,6.45,15.53
36085029105,FPC-711,16.02,25.55
36085030301,FPC-711,12.33,15.63
36085030302,FPC-621,11.93,13.79
36085031901,85352,3.74,3.86
36085031902,85380,2.32,6.22
36085032300,FPC-615,15.35,16.49
36085990100,FPC-382,38.2,38.94
36047000100,85119,4.71,8.04
36047000200,FPC-500,5.18,6.7
36047000301,85119,4.24,5.98
36047000501,85119,2.13,3.39
36047000502,FPC-486,0.66,2.42
36047000700,FPC-486,5.97,6.75
36047000900,80373,1.66,3.25
36047001100,85340,1.28,3.68
36047001501,FPC-718,4.3,8.07
36047001502,85340,5.44,7.46
36047001801,FPC-215,18.08,19.48
36047001802,80413,11.37,12.42
36047001803,FPC-457,7.61,10.19
36047001804,FPC-629,11.08,12.62
36047002000,FPC-457,2.69,5.27
36047002200,FPC-457,7.18,8.82
36047002300,FPC-718,1.19,8.42
36047002901,FPC-718,7.91,11.63
36047003000,FPC-629,7.62,9.46
36047003101,80204,7.68,9.46
36047003102,FPC-205,9.19,9.51
36047003300,80204,3.86,5.17
36047003400,80341,12.81,13.94
36047003500,FPC-205,1.2,2.8
36047003600,80341,6.21,9.02
36047003700,FPC-608,5.46,6.09
36047003800,80341,11.15,14.26
36047003900,FPC-209,1.41,2.66
36047004100,FPC-209,4.69,5.71
36047004300,FPC-608,2.8,5.59
36047004400,80341,11.37,15.51
36047004500,80373,7.15,8.39
36047004600,80341,14.09,18.62
36047004700,81698,9.82,12.0
36047004900,81698,10.35,10.86
36047005000,80341,17.9,22.46
36047005201,80341,21.17,25.7
36047005202,80341,24.33,28.83
36047005301,82188,3.62,9.83
36047005302,FPC-215,8.9,13.26
36047005303,82188,6.91,9.03
36047005400,80341,25.37,29.7
36047005601,80341,28.17,32.47
36047005602,80341,31.23,35.42
36047005800,80341,21.07,25.26
36047006000,80341,16.68,20.97
36047006200,80341,12.32,16.67
36047006400,80341,6.16,10.67
36047006500,81698,6.36,9.82
36047006600,80341,1.66,6.24
36047006700,81698,7.85,11.47
36047006800,80341,3.88,4.82
36047006901,FPC-608,6.08,8.64
36047006902,FPC-608,8.71,11.2
36047007000,FPC-629,2.62,5.85
36047007100,FPC-209,6.1,8.44
36047007200,FPC-629,5.69,6.65
36047007400,84722,4.24,6.0
36047007600,FPC-457,3.87,5.46
36047007800,80357,3.78,4.65
36047008000,FPC-500,3.73,5.41
36047008200,FPC-656,2.98,4.19
36047008400,80413,2.82,6.05
36047008500,FPC-215,2.22,6.92
36047008600,FPC-656,4.69,6.42
36047008800,FPC-656,4.24,7.03
36047009001,81699,8.12,8.73
36047009002,81699,6.18,10.19
36047009201,81699,6.18,8.45
36047009202,81699,3.3,9.51
36047009401,81699,6.16,8.41
36047009402,81699,3.28,9.28
36047009600,80357,5.05,7.13
36047009800,80357,2.35,8.05
36047010000,80357,4.61,6.04
36047010200,85498,2.75,4.14
36047010401,85498,5.29,6.26
36047010402,85289,7.9,8.75
36047010601,80357,8.13,8.55
36047010602,80357,10.42,10.69
36047010801,80357,7.08,9.71
36047010802,81699,6.64,10.91
36047011000,81699,5.99,13.37
36047011200,81699,1.94,12.1
36047011400,81699,5.04,12.54
36047011600,81699,11.91,12.04
36047011800,85289,3.03,5.11
36047011901,80236,5.42,9.82
36047011902,FPC-215,11.84,13.92
36047012000,85289,4.2,7.43
36047012100,FPC-634,8.57,13.05
36047012200,84722,3.17,4.41
36047012600,FPC-653,2.21,4.27
36047012700,FPC-209,4.17,5.62
36047012801,85289,6.17,8.87
36047012901,83348,3.74,4.93
36047012902,83348,2.07,3.94
36047013000,FPC-653,3.18,5.01
36047013100,81459,3.61,3.9
36047013200,85289,10.42,12.11
36047013300,80236,4.96,7.0
36047013400,FPC-653,7.73,8.97
36047013500,FPC-634,4.89,8.12
36047013600,80341,9.29,11.92
36047013700,FPC-634,2.08,9.87
36047013800,80341,12.23,15.77
36047013900,FPC-634,4.53,13.43
36047014000,80341,18.9,20.48
36047014101,FPC-634,7.48,16.49
36047014200,80341,15.45,18.3
36047014700,FPC-634,15.75,19.34
36047014800,81586,14.35,23.17
36047014901,FPC-634,8.37,17.65
36047014902,FPC-634,11.63,21.0
36047015000,81586,11.48,21.89
36047015100,FPC-634,5.87,14.88
36047015200,80341,26.8,30.05
36047015300,FPC-634,4.26,11.86
36047015400,81586,20.92,29.53
36047015500,FPC-634,6.12,10.2
36047015700,81459,7.99,9.18
36047015900,81459,6.2,9.4
36047016000,80341,20.11,23.73
36047016100,83348,3.91,5.21
36047016200,80341,29.2,33.13
36047016300,81459,7.41,7.99
36047016400,80341,31.61,35.95
36047016500,81459,11.05,12.82
36047016600,81586,18.83,22.42
36047016700,FPC-634,9.63,17.33
36047016800,81586,21.68,24.27
36047016900,FPC-634,15.44,22.04
36047017000,81586,14.58,21.62
36047017200,81586,13.23,19.06
36047017400,81586,16.93,20.19
36047017500,81699,16.29,16.46
36047017600,83619,13.69,17.89
36047017800,81586,11.35,13.88
36047017900,80289,3.49,5.59
36047018000,81586,11.12,16.05
36047018100,80289,4.92,6.86
36047018200,81586,3.18,14.2
36047018300,80289,9.37,10.2
36047018400,81586,7.26,18.45
36047018501,FPC-718,11.61,13.57
36047018600,81586,5.52,19.23
36047018700,85528,9.0,13.25
36047018800,81586,5.64,19.31
36047019000,81586,10.43,21.39
36047019100,85528,4.49,8.62
36047019200,81699,19.62,20.67
36047019300,85528,1.7,3.67
36047019400,81586,17.54,20.84
36047019500,85528,4.99,8.2
36047019600,81586,14.49,19.54
36047019700,85069,5.61,6.88
36047019800,81586,10.36,21.05
36047019900,85069,1.54,5.71
36047020000,81586,13.47,20.35
36047020100,85069,2.59,4.68
36047020200,81586,16.6,19.76
36047020300,84019,4.81,7.3
36047020400,85289,17.16,19.06
36047020500,84019,8.08,8.47
36047020600,85289,14.93,16.53
36047020700,82119,7.12,8.77
36047020800,85289,14.14,16.68
36047021000,85289,12.74,16.01
36047021100,85528,12.03,14.38
36047021200,85289,12.35,15.19
36047021300,81748,4.57,5.28
36047021400,85289,13.29,15.29
36047021500,82119,2.74,6.32
36047021600,81699,14.65,16.26
36047021700,80403,1.93,3.9
36047021800,81699,12.11,16.95
36047021900,82044,4.64,6.29
36047022000,81699,9.63,14.93
36047022100,85178,2.08,3.38
36047022200,81699,8.05,13.26
36047022400,81699,8.47,13.01
36047022600,82785,11.52,13.63
36047022700,84019,4.54,8.3
36047022800,82785,5.39,9.22
36047022900,81352,6.03,6.78
36047023000,82785,5.35,9.87
36047023100,81352,3.85,5.03
36047023200,82785,6.41,10.52
36047023300,81352,3.0,4.61
36047023400,82785,8.66,11.45
36047023500,FPC-488,5.41,6.08
36047023600,85203,10.35,13.11
36047023800,85203,12.32,15.21
36047024000,85203,14.72,17.62
36047024100,FPC-583,2.68,6.76
36047024200,85203,16.05,18.54
36047024300,FPC-112,2.11,4.2
36047024400,85203,15.68,19.0
36047024500,FPC-112,5.42,6.15
36047024600,85203,19.62,22.19
36047024700,FPC-709,2.55,3.52
36047024800,81586,16.24,19.36
36047024900,81207,1.54,3.56
36047025000,81586,15.27,21.34
36047025100,81961,0.81,2.14
36047025200,81586,12.93,20.29
36047025300,FPC-583,2.08,4.17
36047025400,84206,19.36,20.64
36047025500,81324,5.55,6.84
36047025600,84206,16.97,19.86
36047025700,81324,3.95,4.29
36047025800,81586,14.98,18.14
36047025901,81646,0.36,1.28
36047025902,85351,1.11,2.49
36047026000,81586,10.34,19.25
36047026100,83439,0.81,2.8
36047026200,81586,8.1,20.39
36047026300,83344,3.7,4.74
36047026400,81586,3.84,15.29
36047026500,84758,1.53,3.7
36047026600,81586,11.84,15.85
36047026700,84758,2.9,3.51
36047026800,83619,12.75,14.11
36047026900,81111,0.58,2.4
36047027000,85477,8.9,11.68
36047027100,80401,6.14,7.1
36047027200,83619,9.7,11.54
36047027300,81514,4.46,5.48
36047027400,81586,7.57,12.53
36047027500,81514,4.03,5.75
36047027600,81586,4.79,12.3
36047027700,FPC-190,5.1,6.36
36047027800,83619,8.45,11.57
36047027900,FPC-190,0.74,4.53
36047028000,83619,10.46,15.45
36047028100,FPC-190,3.68,4.01
36047028200,83619,8.67,14.56
36047028300,83278,2.46,4.51
36047028400,83619,5.58,10.22
36047028501,85351,5.76,6.8
36047028502,83278,4.23,5.19
36047028600,83619,6.95,13.52
36047028700,84512,1.58,4.02
36047028800,83619,3.22,9.16
36047029000,83619,2.86,8.91
36047029100,81626,5.14,5.77
36047029200,83619,7.47,13.97
36047029300,81345,3.61,4.88
36047029400,83619,10.58,13.76
36047029500,81345,0.86,3.81
36047029600,85477,3.02,9.57
36047029700,83993,1.7,3.17
36047029800,85477,3.49,10.1
36047029900,85263,4.71,5.21
36047030000,85477,4.3,10.08
36047030100,83956,2.52,2.63
36047030200,85477,6.17,10.49
36047030300,83907,1.05,3.71
36047030400,85477,11.7,13.41
36047030500,80403,5.46,6.71
36047030600,81564,4.97,8.66
36047030700,85263,1.95,2.38
36047030800,81564,5.17,8.98
36047030900,FPC-101,5.03,6.81
36047031100,84944,4.17,7.27
36047031300,80292,3.6,4.17
36047031401,81564,8.42,11.89
36047031402,85267,11.2,12.83
36047031500,85182,0.73,2.25
36047031701,85182,3.45,3.82
36047031702,82044,5.88,6.49
36047031900,81157,2.28,4.37
36047032100,84151,4.58,4.84
36047032300,85495,1.44,2.9
36047032500,85495,1.78,2.81
36047032600,84948,0.43,2.35
36047032800,80309,7.4,8.6
36047032900,83318,1.44,3.37
36047033000,80309,9.93,11.06
36047033100,81156,2.83,4.9
36047033300,81402,4.69,4.76
36047033500,81402,2.4,4.05
36047033600,82784,1.64,4.78
36047033701,81402,1.94,3.24
36047033702,81402,1.29,3.02
36047033900,81402,3.64,4.44
36047034000,80309,6.41,7.94
36047034100,84944,3.61,5.46
36047034200,80309,6.3,7.74
36047034300,81460,3.45,5.02
36047034500,84146,6.31,6.69
36047034700,FPC-101,3.83,4.58
36047034800,81317,6.53,7.61
36047034901,84146,5.72,6.53
36047034902,84146,5.13,6.08
36047035000,81317,7.21,9.22
36047035101,84146,3.49,6.19
36047035102,84146,2.38,5.12
36047035200,81317,7.43,9.42
36047035301,84146,3.31,5.04
36047035302,84146,2.12,3.9
36047035500,80260,2.53,5.05
36047035601,85479,6.97,8.4
36047035602,85479,9.18,10.0
36047035701,FPC-100,3.19,5.27
36047035702,80321,4.37,5.01
36047035900,FPC-100,0.28,2.68
36047036001,83618,6.27,8.4
36047036002,83618,4.33,6.86
36047036100,84189,0.83,2.16
36047036200,83618,2.55,4.63
36047036300,85240,1.27,2.89
36047036400,85479,1.91,2.69
36047036501,80438,3.72,4.94
36047036700,80228,2.05,3.62
36047036900,85346,1.83,4.5
36047037000,85537,8.94,9.3
36047037100,85316,0.24,3.13
36047037300,85363,0.62,4.03
36047037401,80343,7.98,10.08
36047037402,80343,11.05,11.51
36047037500,FPC-186,5.05,5.93
36047037700,82056,3.41,5.54
36047037900,83956,3.25,3.68
36047038100,82056,4.03,6.25
36047038200,FPC-549,1.87,7.64
36047038300,82056,5.2,6.72
36047038500,84759,3.26,4.7
36047038600,FPC-549,5.53,8.41
36047038800,80343,2.25,10.85
36047038900,DSNY-BRS-2179,1.63,5.12
36047039000,80343,3.34,11.1
36047039100,82837,2.93,4.06
36047039200,80343,6.06,10.72
36047039400,80343,7.99,11.11
36047039600,80343,6.45,11.08
36047039700,FPC-186,1.79,2.99
36047039800,FPC-549,7.81,10.4
36047039900,FPC-186,0.88,2.44
36047040000,84206,10.31,10.88
36047040100,84354,2.98,4.27
36047040200,FPC-549,7.66,9.8
36047040300,81578,1.22,6.31
36047040400,85477,6.89,10.66
36047040500,81578,5.88,6.63
36047040600,85477,9.52,11.29
36047040700,80228,8.95,11.3
36047040800,84206,7.1,11.65
36047040900,80324,4.02,8.37
36047041000,84206,5.55,11.72
36047041100,81578,6.03,6.94
36047041200,84206,1.08,12.94
36047041300,80324,4.57,6.16
36047041401,84206,6.13,12.47
36047041402,84206,8.45,12.38
36047041500,84354,5.15,5.54
36047041600,85315,10.79,12.68
36047041700,FPC-186,6.01,7.45
36047041800,84206,11.26,14.65
36047041900,85215,5.71,7.67
36047042000,84206,13.57,17.15
36047042100,80212,4.13,5.65
36047042200,84206,6.31,15.68
36047042300,80212,1.2,4.28
36047042400,84206,3.33,16.21
36047042500,82837,0.84,4.4
36047042600,84206,6.19,14.03
36047042700,FPC-439,3.24,5.32
36047042800,85477,10.77,12.21
36047042900,FPC-439,1.85,6.23
36047043000,84206,12.5,15.18
36047043100,FPC-439,7.08,8.45
36047043200,84206,11.03,17.46
36047043300,FPC-186,11.78,12.08
36047043400,84206,8.27,19.28
36047043500,80324,6.67,9.56
36047043600,84206,12.94,21.52
36047043700,80324,1.65,7.47
36047043800,84206,9.32,19.86
36047043900,DSNY-BRS-2176,5.6,9.1
36047044000,84206,13.08,22.5
36047044100,DSNY-BRS-2176,10.16,12.59
36047044200,84206,15.42,21.96
36047044300,FPC-439,9.44,11.87
36047044400,84206,17.52,21.1
36047044500,FPC-439,7.23,11.03
36047044600,84206,15.65,21.89
36047044700,FPC-439,7.06,10.55
36047044800,84206,19.95,20.48
36047044901,85171,4.76,13.04
36047044902,85171,14.47,18.19
36047045000,FPC-631,15.38,16.22
36047045200,FPC-631,15.74,16.8
36047045300,82837,7.79,9.09
36047045400,FPC-631,17.78,18.91
36047045600,FPC-631,6.72,7.81
36047045800,FPC-631,8.13,9.05
36047046000,85468,1.0,1.35
36047046201,85203,9.63,9.75
36047046202,85203,12.36,12.95
36047046400,85203,10.31,14.42
36047046800,85203,14.71,18.99
36047047000,85203,11.09,16.88
36047047200,85203,7.63,14.22
36047047400,85203,4.54,11.19
36047047600,85203,1.27,7.97
36047047700,85171,2.76,10.14
36047047800,85203,3.48,6.01
36047048000,85203,6.98,8.9
36047048100,83622,6.11,9.57
36047048200,Plentiful-1314,3.67,4.59
36047048400,85322,6.52,7.69
36047048500,FPC-595,6.17,8.75
36047048600,82785,5.52,8.06
36047048800,85322,5.62,7.73
36047048900,FPC-595,1.83,4.97
36047049000,85322,1.34,7.28
36047049100,80421,4.5,7.27
36047049200,85322,4.07,7.98
36047049301,83622,2.09,5.82
36047049302,80421,3.54,5.18
36047049400,FPC-640,4.32,8.19
36047049500,83622,1.76,7.28
36047049600,82785,9.46,11.25
36047049700,85171,6.33,8.53
36047049800,82785,11.51,14.05
36047049900,85171,5.4,12.27
36047050002,FPC-640,4.77,11.59
36047050100,85065,8.42,9.46
36047050300,85065,5.35,6.14
36047050402,FPC-640,1.65,10.75
36047050500,80421,2.28,5.31
36047050700,85351,8.0,8.4
36047050801,80336,4.93,5.11
36047050804,80336,3.68,7.22
36047050900,80419,6.6,8.31
36047051001,82347,3.03,3.98
36047051002,82347,1.79,3.73
36047051100,85065,5.06,5.49
36047051300,85065,2.12,5.36
36047051400,83444,3.94,4.35
36047051500,85171,9.47,12.32
36047051601,85290,2.29,3.93
36047051602,81479,1.18,2.46
36047051700,85083,12.69,14.26
36047051800,85290,2.8,4.77
36047051900,85065,8.78,9.0
36047052000,FPC-632,5.21,5.74
36047052300,FPC-713,1.63,4.01
36047052500,FPC-713,3.25,5.29
36047052600,FPC-632,4.7,5.3
36047052700,Plentiful-1562,1.73,3.55
36047052800,Plentiful-1480,3.76,4.44
36047052900,80419,1.64,4.9
36047053000,FPC-631,5.5,6.64
36047053101,80419,6.09,10.88
36047053102,80419,8.04,9.61
36047053200,FPC-642,8.54,9.29
36047053300,80419,2.91,7.95
36047053400,FPC-631,12.48,13.64
36047053500,FPC-713,6.22,7.65
36047053700,80419,8.8,12.37
36047053800,FPC-642,15.73,18.94
36047053900,80419,8.58,11.96
36047054200,85315,19.66,20.63
36047054400,84456,17.81,19.42
36047054600,FPC-485,13.87,17.6
36047054700,83174,7.99,9.76
36047054800,84456,11.61,14.53
36047054900,83174,4.95,8.49
36047055000,84456,10.77,14.6
36047055100,83174,3.86,8.2
36047055200,84456,11.85,15.77
36047055300,83174,6.57,8.96
36047055400,85315,14.18,15.36
36047055600,85315,8.13,11.79
36047055700,85083,11.61,14.19
36047055800,85315,6.23,10.31
36047056000,84456,3.83,8.88
36047056100,85083,4.23,14.81
36047056200,84456,5.53,9.54
36047056301,85083,7.6,18.1
36047056400,80249,11.28,13.39
36047056500,85083,3.45,17.73
36047056600,80249,5.74,10.99
36047056800,80249,6.71,14.99
36047056900,85083,8.58,13.67
36047057000,80249,4.95,14.27
36047057100,85171,9.25,13.51
36047057200,80249,5.17,13.01
36047057300,85083,7.11,15.78
36047057400,80249,4.72,8.18
36047057500,85083,4.7,17.34
36047057600,84456,4.2,6.74
36047057800,84456,3.36,6.42
36047058000,85315,0.56,8.17
36047058200,85315,4.5,9.05
36047058400,85315,7.8,10.25
36047058600,85315,6.11,9.44
36047058800,85537,9.87,11.0
36047058901,85171,12.37,14.88
36047058902,85171,14.36,16.89
36047059000,83617,5.96,10.96
36047059100,85171,5.18,13.09
36047059200,83617,6.44,10.16
36047059300,85171,9.76,16.83
36047059402,80249,6.75,10.83
36047059403,84456,9.4,9.96
36047059404,83617,5.16,11.76
36047059600,80249,11.74,14.63
36047059800,85234,14.28,15.7
36047060000,83617,5.07,14.54
36047060600,83617,7.35,9.14
36047060800,83617,5.73,11.48
36047061002,83618,8.14,10.03
36047061003,85537,3.19,4.62
36047061004,85537,7.11,7.87
36047061200,83617,10.73,12.84
36047061600,85234,8.04,19.71
36047062000,83617,14.25,15.55
36047062200,85234,9.47,16.32
36047063200,80249,10.97,20.43
36047063600,85539,13.95,14.27
36047063800,80249,11.72,14.92
36047064000,FPC-485,11.22,12.83
36047064200,FPC-485,9.91,13.69
36047064400,FPC-485,6.71,9.9
36047064600,FPC-485,5.14,6.42
36047064800,84982,3.01,5.03
36047065000,85539,1.23,3.94
36047065200,85539,7.59,11.16
36047065400,85539,9.39,12.59
36047065600,85539,9.23,10.38
36047065800,85539,16.6,17.54
36047066000,85539,16.18,18.42
36047067000,81721,12.65,13.76
36047067200,85539,6.49,9.15
36047067400,85539,3.83,6.91
36047067600,81721,9.07,10.52
36047067800,81721,7.33,9.67
36047068000,81721,5.18,7.96
36047068200,81721,8.2,9.53
36047068600,85442,8.11,12.68
36047068800,85442,4.89,9.31
36047069000,81721,2.25,6.77
36047069200,81721,3.28,8.05
36047069601,85442,9.94,10.16
36047069800,85442,11.12,15.66
36047070000,85442,12.16,16.95
36047070201,85442,18.97,26.22
36047070203,85330,45.57,50.85
36047072000,85526,7.7,9.32
36047072200,85338,4.42,5.71
36047072400,85338,2.55,4.39
36047072600,Plentiful-1399,2.64,5.73
36047072800,DSNY-BRS-1309,4.64,7.32
36047073000,DSNY-BRS-1309,7.93,9.02
36047073200,FPC-717,6.82,7.17
36047073400,81576,4.02,5.46
36047073600,FPC-717,0.57,1.72
36047073800,85247,1.83,2.75
36047074000,81576,1.84,5.4
36047074200,81576,5.17,8.57
36047074400,FPC-485,5.94,6.23
36047074600,FPC-485,0.48,5.02
36047074800,FPC-485,6.99,9.06
36047075000,DSNY-BRS-1101,8.86,9.12
36047075200,DSNY-BRS-1101,9.48,9.8
36047075400,FPC-485,10.01,14.23
36047075600,FPC-485,6.18,11.13
36047075800,FPC-485,10.61,16.53
36047076000,FPC-642,15.63,16.67
36047076200,FPC-642,8.92,11.03
36047076400,FPC-642,1.06,4.76
36047076600,FPC-642,2.48,5.32
36047076800,FPC-631,18.49,19.15
36047077000,CH-R802,3.04,4.67
36047077200,DSNY-BRS-1101,3.1,3.89
36047077400,85365,3.34,5.14
36047077600,81576,5.87,7.49
36047078000,Plentiful-1381,4.02,5.51
36047078200,82261,4.79,5.3
36047078400,82261,4.63,6.75
36047078601,85365,3.63,4.12
36047078602,82261,3.22,4.98
36047078801,CH-R802,1.59,4.75
36047078802,82261,1.81,5.08
36047079001,81479,3.04,3.73
36047079002,CH-R802,6.21,6.59
36047079201,85333,1.17,2.55
36047079202,84339,4.48,5.28
36047079400,84339,0.32,1.66
36047079601,85386,4.14,4.81
36047079602,85386,3.08,3.82
36047079801,85172,3.06,5.59
36047080000,81427,3.75,4.85
36047080200,81427,0.78,4.57
36047080400,83318,4.61,4.97
36047080600,80299,1.27,2.99
36047080800,80386,6.45,7.2
36047081000,84946,1.41,3.62
36047081400,80386,1.15,2.78
36047081600,84949,2.62,4.15
36047081800,84949,6.11,6.92
36047082000,85506,4.54,5.04
36047082200,85386,2.4,3.18
36047082400,85235,1.72,3.39
36047082600,87341,2.39,3.61
36047082800,84342,3.77,6.33
36047083000,84342,3.94,5.53
36047083200,85257,2.06,5.8
36047083400,85257,1.54,4.47
36047083600,Plentiful-1381,2.34,4.14
36047083800,85229,0.97,1.81
36047084000,85373,2.24,2.35
36047084600,85373,2.94,5.42
36047084800,85373,5.48,7.56
36047085000,FPC-644,4.76,5.03
36047085200,FPC-444,6.37,7.0
36047085400,85257,5.31,6.97
36047085600,82343,5.07,5.43
36047085800,FPC-444,1.63,2.78
36047086000,80284,5.46,5.91
36047086200,Plentiful-1544,8.19,8.3
36047086400,Plentiful-1544,5.19,6.82
36047086600,Plentiful-1544,1.67,3.98
36047086800,Plentiful-1544,2.91,3.84
36047087000,80241,0.29,2.04
36047087200,FPC-639,2.47,3.08
36047087401,81156,4.55,5.64
36047087600,80260,5.43,5.87
36047087800,85139,1.85,3.16
36047088001,85139,3.49,5.01
36047088002,85139,2.13,3.29
36047088200,84002,0.35,3.66
36047088400,85218,2.86,3.07
36047088600,84087,2.69,4.36
36047088800,84103,0.27,2.81
36047089000,84087,3.17,4.32
36047089200,81987,3.95,4.39
36047089400,84087,5.76,6.76
36047089600,85262,1.41,2.36
36047089800,81307,3.8,5.54
36047090000,84740,2.7,4.0
36047090200,84740,3.04,3.98
36047090600,85148,4.28,6.48
36047090800,82195,7.16,8.11
36047091000,80345,5.85,6.86
36047091200,80345,5.33,5.64
36047091600,83614,0.76,2.3
36047091800,80345,0.86,3.26
36047092000,85492,5.1,6.14
36047092200,84221,2.77,5.49
36047092400,85148,1.3,5.34
36047092800,85118,4.79,5.62
36047093000,82296,4.15,4.93
36047093200,85270,2.87,6.0
36047093400,82296,4.25,6.56
36047093600,82296,5.7,9.08
36047093800,82296,7.25,8.35
36047094401,83002,0.81,4.03
36047094402,DSNY-BRS-2115,2.45,3.05
36047094600,83002,7.75,9.44
36047095000,84896,2.4,3.38
36047095600,84043,2.66,5.28
36047095800,82904,4.1,7.26
36047096200,85118,6.42,9.01
36047096400,82904,5.05,6.36
36047096600,85276,2.82,5.95
36047096800,85276,3.66,8.81
36047097000,85118,5.82,8.36
36047097400,85276,7.37,12.83
36047098200,84148,10.07,12.48
36047098400,84599,9.51,13.75
36047098600,85276,9.29,13.81
36047098800,85276,5.15,11.93
36047099000,85276,5.59,9.13
36047099200,83552,4.09,6.78
36047099400,83552,0.87,5.16
36047100400,83552,7.04,11.09
36047100600,83552,5.69,10.66
36047100800,83552,6.7,9.35
36047101000,85512,7.11,9.07
36047101200,85512,9.86,11.23
36047101400,85512,13.59,13.98
36047101600,84599,11.51,14.4
36047101800,84599,11.67,11.98
36047102000,85330,8.07,12.07
36047102200,85512,5.91,9.32
36047102400,85512,2.97,7.5
36047102600,83552,9.73,11.36
36047102801,85512,2.21,7.77
36047102802,85512,8.68,12.3
36047103401,85330,1.16,9.72
36047103402,85330,6.4,12.04
36047105801,85325,4.02,4.64
36047107001,85463,5.85,10.41
36047107003,85325,4.48,5.75
36047107800,85463,3.18,10.22
36047109800,84221,7.03,10.84
36047110400,83514,7.38,8.54
36047110600,83514,8.93,9.54
36047111000,83514,6.75,8.31
36047111600,85328,7.03,9.75
36047111800,85328,2.15,5.31
36047112000,85328,3.92,5.89
36047112200,83514,0.97,2.12
36047112400,84137,0.95,2.37
36047112600,85491,5.99,6.21
36047112800,84148,5.13,5.94
36047113000,84148,4.91,7.47
36047113200,84148,5.5,7.25
36047113400,85491,2.61,8.04
36047114201,84611,5.89,7.54
36047114202,84611,3.02,7.89
36047114600,84611,2.01,6.75
36047115000,84738,2.27,3.11
36047115200,82057,7.08,7.86
36047115600,85491,2.19,6.53
36047115800,81323,4.53,6.16
36047116000,81323,3.19,5.78
36047116200,84738,5.8,6.01
36047116400,85237,1.93,3.42
36047116600,FPC-432,0.52,1.16
36047116800,85227,3.27,4.53
36047117000,83936,3.48,3.94
36047117201,85227,3.3,5.57
36047117202,85227,3.38,6.57
36047117400,83306,1.91,4.7
36047117601,81272,2.85,5.96
36047117602,81272,3.72,8.16
36047117800,81272,3.14,4.83
36047118000,81272,9.15,11.83
36047118201,81272,6.97,11.18
36047118202,85243,8.85,11.76
36047118400,81272,6.06,8.98
36047118800,FPC-99,6.82,9.16
36047119000,FPC-630,2.15,6.29
36047119200,83583,2.19,5.03
36047119400,85237,3.68,4.13
36047119600,FPC-630,3.02,5.59
36047119800,82057,4.0,5.41
36047120000,FPC-99,2.38,6.08
36047120200,FPC-99,5.25,8.68
36047120801,85378,3.65,6.0
36047120802,FPC-99,3.5,7.11
36047120803,FPC-99,6.67,10.14
36047121000,85378,5.05,6.54
36047121400,85378,3.78,9.74
36047122000,85378,9.1,13.22
36047123700,FPC-583,9.6,10.33
36061014300,81139,8.83,11.23
36081032000,FPC-149,6.38,11.74
36081068000,85448,9.8,14.62
36081048302,84504,4.77,8.33
36005007100,82750,4.16,5.03
36005007500,85355,4.92,5.27
36005014100,80137,1.68,3.52
36005018502,84319,1.65,2.64
36081024500,84884,8.54,13.26
36081024700,84884,4.8,9.34
36085014606,85486,39.29,46.3
36047070202,85442,49.46,55.58
36047070602,85512,25.95,29.66
36047007500,FPC-608,11.18,12.25
36047007700,FPC-215,10.65,12.2
36081056800,82976,4.12,8.79
36081058000,82976,15.85,16.56
36081013700,85244,12.04,17.4
36081014100,85244,8.52,14.26
36047105804,84599,6.62,6.68
36047107002,85325,12.87,15.07
36005033400,DSNY-BRS-2184,11.33,11.36
36005037600,83304,3.77,7.29
36005017300,85294,4.07,4.92
36005033700,FPC-665,32.98,39.36
36005034500,FPC-665,29.26,36.18
36005011502,81502,3.78,5.14
36005012300,85387,4.53,6.73
36081051100,84504,17.77,22.07
36081060701,FPC-683,20.86,21.05
36005003700,81582,4.52,5.14
36061014700,85369,1.07,2.98
36061015102,85369,4.91,7.17
36061008601,FPC-545,2.9,10.16
36061008800,FPC-545,8.19,10.42
36005006000,87064,6.35,7.8
36005022000,85453,6.45,7.79
36061008602,FPC-545,10.13,11.6
36061009000,80739,7.55,7.95
36047050803,80336,1.14,5.07
36047079802,80336,5.11,6.8
36005006100,84947,1.54,3.3
36005025700,81246,5.64,8.41
36061029900,84349,2.42,4.3
36047152200,FPC-640,6.43,9.05
36005005300,FPC-11,5.79,10.05
36005024700,81246,10.01,12.17
36081060300,FPC-686,13.22,14.99
36081061301,DSNY-BRS-1011,9.05,9.42
36081089201,80942,15.29,27.62
36081006201,FPC-695,17.23,21.01
36081088400,80942,5.04,25.43
36005018301,85344,4.16,4.46
36005019500,84086,1.99,3.89
36005005902,84947,2.42,3.7
36085014604,85486,15.28,53.78
36085014605,85486,30.38,54.81
36081029100,FPC-597,7.23,9.55
36081029300,80891,7.34,9.9
36085005901,FPC-33,17.06,18.82
36047051200,82347,5.37,6.95
36081032900,FPC-606,3.28,5.9
36005011000,85081,17.93,19.45
36005016600,85081,16.17,18.7
36005019400,85174,11.41,13.84
36081001800,81592,10.4,11.9
36081002000,84936,7.2,11.54
36047050600,FPC-640,7.94,9.08
36081049900,85024,8.7,10.55
36081050700,85535,2.45,10.2
36061024000,FPC-568,12.31,13.9
36005001902,80159,3.85,7.93
36047006300,81698,2.6,8.89
36047005100,81698,2.16,8.84
36047005900,FPC-215,4.73,6.07
36081038100,FPC-600,3.19,5.08
36085021300,FPC-27,3.76,4.81
36085024700,FPC-27,9.83,11.09
36005005100,85331,2.58,4.48
36005006301,85114,4.64,6.44
36061029700,80581,6.27,10.08
36061030300,80581,2.74,5.62
36085019800,81028,17.76,32.16
36085020803,81028,8.91,32.5
36047035400,85479,10.35,11.65
36047036600,85479,2.14,3.61
36081003700,84960,4.67,8.89
36081003900,84960,3.48,8.61
36081034700,FPC-606,3.16,9.13
36005015700,85283,3.97,5.74
36005016100,81435,5.8,7.16
36061031703,85471,4.41,8.73
36061031704,85517,2.33,6.73
36085029106,FPC-711,21.18,25.53
36047001300,85340,6.05,6.55
36085013203,85486,24.8,48.73
36085013204,FPC-617,34.71,44.06
36085013201,FPC-617,26.05,34.78
36085013800,83197,36.67,39.48
36061011700,80649,6.99,7.95
36061012901,FPC-548,7.34,8.85
36047017100,FPC-640,17.42,18.53
36047050202,FPC-640,12.03,16.83
36047050001,FPC-640,7.79,14.95
36047150200,FPC-640,16.55,21.63
36081056400,83874,4.0,5.6
36061023900,81631,1.22,2.08
36061024500,81071,3.8,6.09
36047054300,FPC-718,13.3,16.51
36047054500,FPC-713,10.47,10.84
36081030904,83361,3.09,9.82
36081030905,80891,8.37,9.44
36047069602,85442,9.46,13.61
36047070601,85442,17.25,22.01
36081069000,85448,11.57,17.17
36081069400,85448,19.5,23.06
36085017016,85486,34.06,58.68
36085022802,FPC-711,46.93,53.84
36005005600,85003,1.53,3.18
36005006200,84225,0.9,2.35
36081127700,FPC-694,20.37,23.75
36061001300,85345,2.32,5.54
36061002100,85471,5.24,8.31
36005021601,FPC-672,4.21,7.02
36005021602,FPC-672,2.39,4.29
36061024302,81631,4.52,5.6
36061031100,85458,4.17,6.17
36081138502,FPC-511,13.22,34.75
36081152901,FPC-511,26.08,38.82
36081047600,FPC-694,7.23,13.24
36081128300,FPC-694,22.27,26.82
36047014102,FPC-634,9.7,18.36
36047010100,80413,10.93,14.16
36081024300,84884,9.71,14.42
36081048900,84504,2.34,9.46
36047014500,80413,17.37,18.05
36047011700,FPC-634,10.7,15.51
36047014300,FPC-634,13.2,19.45
36005021001,FPC-670,8.88,9.35
36081021900,84105,20.85,25.91
36081053502,FPC-439,21.16,22.89
36061000202,85193,1.91,5.17
36047002100,FPC-718,7.58,11.56
36047038700,80338,1.4,1.92
36047039500,85215,1.85,3.83
36047028900,FPC-660,3.25,4.06
36047039300,FPC-660,2.07,3.31
36005001903,80159,6.96,11.7
36005009302,DSNY-BRS-1352,8.19,10.12
36081003600,FPC-695,9.16,10.78
36047118600,FPC-630,7.21,9.29
36047032700,85172,2.26,3.54
36005003500,85355,6.3,7.75
36005007300,85355,0.8,4.67
36085007500,83656,5.12,8.81
36085007700,Plentiful-1449,3.97,8.85
36081001902,FPC-284,4.34,5.62
36081047500,85165,6.49,8.61
36081068700,85165,2.18,8.94
36085014100,81260,7.72,9.27
36085012500,FPC-719,2.19,8.45
36085014700,FPC-719,15.83,21.62
36061000800,FPC-626,4.65,7.14
36047036502,82195,1.97,4.58
36047114400,82057,3.02,4.99
36061006200,85490,2.74,4.82
36047056302,85083,10.52,16.21
36081103201,87274,1.41,3.65
36081103202,84182,4.49,4.66
36005004100,81061,1.88,3.73
36005004300,DSNY-BRS-1342,1.53,2.09
36047095400,84043,4.89,6.13
36047096000,85118,5.91,9.2
36047057901,85083,8.84,18.21
36047057902,85083,11.42,17.85
36047099600,83552,5.35,6.74
36047099800,83552,9.81,11.71
36081017101,84174,4.58,8.51
36081017102,80971,9.27,13.22
36061010602,FPC-168,6.71,9.62
36061011600,84065,5.21,7.54
36061011401,80518,1.69,5.07
36005023800,DSNY-BRS-2157,5.02,6.25
36005024000,85453,5.78,6.63
36061004200,FPC-559,4.26,5.06
36061005700,87290,0.71,3.62
36061028700,85357,6.43,10.37
36061029100,85431,1.39,3.23
36081099100,85053,44.61,46.37
36081099705,85053,44.97,50.2
36081021601,80957,6.76,16.13
36081038302,87233,12.25,18.74
36005033500,FPC-665,16.52,22.01
36005035100,FPC-665,16.03,22.97
36061023802,80522,9.7,11.51
36061023803,80522,10.16,11.32
36085001800,84301,20.74,22.41
36005011800,FPC-715,14.85,29.37
36005013800,FPC-715,3.3,19.46
36085002002,84301,9.7,11.54
36061001501,FPC-622,9.09,10.84
36061002901,FPC-622,4.4,8.43
36061002700,FPC-622,6.8,7.54
36061002902,FPC-622,4.49,5.97
36047062600,80249,12.48,17.17
36047062800,85234,18.92,21.86
36085011204,FPC-618,7.95,14.89
36085012804,FPC-617,6.36,19.51
36047066200,81721,17.87,18.13
36047066600,85234,29.09,32.59
36061002400,FPC-627,3.19,5.81
36047055500,83174,8.6,12.2
36047017700,80336,13.18,13.34
36047050401,FPC-640,6.45,13.05
